n_samples,trial,mode,region,rel_err,neg_frac,rel_los,rel_trv,rel_R,rel_z,rel_phi,rel_err_sm,rel_los_sm,rel_trv_sm
50,0,3D,sun4,0.0402650460600853,0.0,0.020989954471588135,0.030868645757436752,0.02311275526881218,0.021479744464159012,0.015421142801642418,0.031696952879428864,0.014818556606769562,0.025482360273599625
50,0,LOS,sun4,0.07665668427944183,0.02734375,0.026357602328062057,0.06769220530986786,0.027246467769145966,0.05204217880964279,0.03476171940565109,0.058227576315402985,0.02049921452999115,0.051384810358285904
50,0,LOS+Sun,sun4,0.06971978396177292,0.017578125,0.024989791214466095,0.06093804910778999,0.02823859453201294,0.049084294587373734,0.026012498885393143,0.05014510825276375,0.019019613042473793,0.043507762253284454
50,1,3D,sun4,0.048977695405483246,0.0390625,0.030764572322368622,0.03342820703983307,0.023991446942090988,0.029322106391191483,0.018917642533779144,0.04495365172624588,0.026153795421123505,0.032435785979032516
50,1,LOS,sun4,0.08089358359575272,0.0,0.02786564826965332,0.07157579809427261,0.03409430384635925,0.06081218644976616,0.02261895313858986,0.06221330538392067,0.02242649346590042,0.05470582842826843
50,1,LOS+Sun,sun4,0.07629646360874176,0.0,0.02711440622806549,0.06642181426286697,0.027053549885749817,0.05796663463115692,0.025280756875872612,0.05680960416793823,0.021502254530787468,0.04880998283624649
50,2,3D,sun4,0.04909750446677208,0.052734375,0.027255648747086525,0.03629235178232193,0.02739308401942253,0.02788727357983589,0.018120212480425835,0.036518484354019165,0.02060426026582718,0.026935337111353874
50,2,LOS,sun4,0.07666021585464478,0.009765625,0.026973646134138107,0.06735334545373917,0.027887072414159775,0.05877320468425751,0.02257683128118515,0.059447791427373886,0.021086007356643677,0.05208411067724228
50,2,LOS+Sun,sun4,0.08224941790103912,0.009765625,0.029261471703648567,0.07239750772714615,0.03345209360122681,0.06178442761301994,0.021337803453207016,0.06502553075551987,0.023291807621717453,0.0571456216275692
50,0,3D,sun15,0.7643738985061646,0.19921875,0.41422775387763977,0.5780175924301147,0.3980258107185364,0.38832390308380127,0.3675771951675415,1.314117193222046,0.7231217622756958,1.00374174118042
50,0,LOS,sun15,0.9047591686248779,0.22265625,0.3576655983924866,0.7611507177352905,0.36762750148773193,0.6371864080429077,0.3081269860267639,1.7338907718658447,0.6507953405380249,1.4836235046386719
50,0,LOS+Sun,sun15,0.7760967016220093,0.205078125,0.29109370708465576,0.6680099964141846,0.32799941301345825,0.5772507190704346,0.18759141862392426,1.4522345066070557,0.5309592485427856,1.2707045078277588
50,1,3D,sun15,0.8457854390144348,0.3125,0.5629146099090576,0.5557669997215271,0.5147361755371094,0.34497690200805664,0.39191603660583496,1.3233842849731445,0.9016032218933105,0.8523032665252686
50,1,LOS,sun15,0.6326929330825806,0.26953125,0.3038739562034607,0.5063685178756714,0.29330360889434814,0.40520626306533813,0.2388235628604889,0.9165130257606506,0.501010000705719,0.6994105577468872
50,1,LOS+Sun,sun15,0.6626619100570679,0.259765625,0.32428285479545593,0.525107204914093,0.30995941162109375,0.4167509078979492,0.26171761751174927,1.0026570558547974,0.5485044717788696,0.755883514881134
50,2,3D,sun15,0.8609749674797058,0.30078125,0.4495793879032135,0.6622560620307922,0.36288678646087646,0.46528199315071106,0.4830116331577301,1.390333890914917,0.7979550361633301,1.0254817008972168
50,2,LOS,sun15,0.6364148855209351,0.17578125,0.32932519912719727,0.49244171380996704,0.33623796701431274,0.3659919500350952,0.2581445574760437,1.032557725906372,0.541925311088562,0.8069071769714355
50,2,LOS+Sun,sun15,0.5970475077629089,0.130859375,0.3295641839504242,0.44447392225265503,0.34868210554122925,0.32209983468055725,0.2379814088344574,0.9297667741775513,0.5291156768798828,0.7008696794509888
50,0,3D,gc15,0.8036354184150696,0.21875,0.4215632677078247,0.6165791749954224,0.4214174449443817,0.4192449152469635,0.37827539443969727,1.5830676555633545,0.7871768474578857,1.269396424293518
50,0,LOS,gc15,0.9753830432891846,0.27734375,0.3945372998714447,0.8204272389411926,0.38888245820999146,0.6792340278625488,0.35992398858070374,2.296003818511963,0.9317342638969421,1.9525856971740723
50,0,LOS+Sun,gc15,0.8318023681640625,0.25,0.31455090641975403,0.7170671224594116,0.354270875453949,0.6204218864440918,0.18895572423934937,1.8959312438964844,0.7246683239936829,1.6584357023239136
50,1,3D,gc15,0.8532971739768982,0.283203125,0.5609638094902039,0.5679869651794434,0.5342105627059937,0.36609750986099243,0.36710917949676514,1.4044796228408813,0.9173025488853455,0.9292828440666199
50,1,LOS,gc15,0.6360010504722595,0.279296875,0.3015274405479431,0.511953592300415,0.3035915493965149,0.4075571298599243,0.23447290062904358,1.0129826068878174,0.5197048187255859,0.79814612865448
50,1,LOS+Sun,gc15,0.6783839464187622,0.26953125,0.3265690803527832,0.5409592390060425,0.32223787903785706,0.42690932750701904,0.2648460268974304,1.1742256879806519,0.5987804532051086,0.9160274863243103
50,2,3D,gc15,0.9133514761924744,0.349609375,0.4665416181087494,0.7079412341117859,0.3919235169887543,0.49329060316085815,0.5082233548164368,1.7253323793411255,0.8859363198280334,1.3361631631851196
50,2,LOS,gc15,0.6607068777084351,0.15625,0.3292100429534912,0.5201296210289001,0.33874186873435974,0.392842173576355,0.26128318905830383,1.176896095275879,0.585111677646637,0.9392203092575073
50,2,LOS+Sun,gc15,0.6192007660865784,0.1328125,0.3299740254878998,0.4686225354671478,0.35225003957748413,0.34809738397598267,0.23559671640396118,1.051186442375183,0.5590754151344299,0.8134368658065796
50,0,LOS+rho,sun4,0.06872519105672836,0.0078125,0.023620977997779846,0.0608384869992733,0.023429449647665024,0.04730740562081337,0.031206384301185608,0.05096229165792465,0.017529167234897614,0.04528307169675827
50,0,LOS+Sun+rho,sun4,0.0795338824391365,0.0,0.027037514373660088,0.07085329294204712,0.02992958575487137,0.05822380632162094,0.027371570467948914,0.06166152283549309,0.021324733272194862,0.05494590476155281
50,1,LOS+rho,sun4,0.08656000345945358,0.0,0.028749912977218628,0.07694193720817566,0.027989231050014496,0.06772194802761078,0.028053566813468933,0.07027813792228699,0.02348507195711136,0.06253570318222046
50,1,LOS+Sun+rho,sun4,0.07014653086662292,0.0,0.025812307372689247,0.06111019104719162,0.023996014147996902,0.052800796926021576,0.024271352216601372,0.05115533247590065,0.01941242627799511,0.0442996583878994
50,2,LOS+rho,sun4,0.07367761433124542,0.00390625,0.0281316339969635,0.06388019770383835,0.025506455451250076,0.055546414107084274,0.02548852562904358,0.05715525150299072,0.021912090480327606,0.04933079704642296
50,2,LOS+Sun+rho,sun4,0.07769790291786194,0.005859375,0.026883801445364952,0.0678410455584526,0.031666435301303864,0.057207219302654266,0.022550128400325775,0.05878574401140213,0.020905233919620514,0.05111752450466156
50,0,LOS+rho,sun15,0.5929893851280212,0.1328125,0.2641153633594513,0.48589274287223816,0.2273905873298645,0.3589400053024292,0.28401514887809753,1.120619297027588,0.5324547290802002,0.9038385152816772
50,0,LOS+Sun+rho,sun15,0.6051356196403503,0.107421875,0.23992078006267548,0.5151757001876831,0.24124769866466522,0.43382251262664795,0.19894543290138245,1.13443922996521,0.47562089562416077,0.9522479772567749
50,1,LOS+rho,sun15,0.6354876160621643,0.21875,0.3233239948749542,0.49278199672698975,0.3064163029193878,0.3697766065597534,0.28895747661590576,0.933388888835907,0.557751476764679,0.6634472608566284
50,1,LOS+Sun+rho,sun15,0.6370456218719482,0.228515625,0.33504718542099,0.4835256040096283,0.3085692822933197,0.3657197952270508,0.28566011786460876,0.9533640146255493,0.577971875667572,0.6696047186851501
50,2,LOS+rho,sun15,0.8492083549499512,0.283203125,0.3717297613620758,0.7024584412574768,0.39272841811180115,0.5638922452926636,0.32318931818008423,1.4750440120697021,0.6728410124778748,1.229743480682373
50,2,LOS+Sun+rho,sun15,0.8148602247238159,0.2890625,0.3598695695400238,0.6731967329978943,0.38276880979537964,0.5381722450256348,0.3073514699935913,1.390065312385559,0.6488420963287354,1.150900959968567
50,0,LOS+rho,gc15,0.6246739625930786,0.162109375,0.2745726406574249,0.5145024061203003,0.23756632208824158,0.38003474473953247,0.3078184723854065,1.381390929222107,0.6453869938850403,1.1263641119003296
50,0,LOS+Sun+rho,gc15,0.6409856081008911,0.12890625,0.2501872777938843,0.549507737159729,0.26017165184020996,0.46383196115493774,0.19750817120075226,1.416745662689209,0.5925437211990356,1.2057279348373413
50,1,LOS+rho,gc15,0.6416175961494446,0.21875,0.31880831718444824,0.5027629137039185,0.3139323890209198,0.37516796588897705,0.2855673134326935,1.0540977716445923,0.5815606117248535,0.7801960706710815
50,1,LOS+Sun+rho,gc15,0.650145411491394,0.2265625,0.33479949831962585,0.4983173608779907,0.31824791431427,0.37826836109161377,0.2832983136177063,1.1111356019973755,0.6173747777938843,0.816478967666626
50,2,LOS+rho,gc15,0.8968088626861572,0.279296875,0.3935985565185547,0.7429048418998718,0.417919397354126,0.5988391041755676,0.33281853795051575,1.8295279741287231,0.813553512096405,1.5478911399841309
50,2,LOS+Sun+rho,gc15,0.855332612991333,0.279296875,0.37476956844329834,0.7102401256561279,0.4016648232936859,0.5716838240623474,0.31348854303359985,1.720382809638977,0.776222825050354,1.4487987756729126
100,0,3D,sun4,0.037712935358285904,0.0,0.02080729603767395,0.027842851355671883,0.0205636415630579,0.020041249692440033,0.015543089248239994,0.030285408720374107,0.014484841376543045,0.023872938007116318
100,0,LOS,sun4,0.059467628598213196,0.0078125,0.02534285932779312,0.050051845610141754,0.026770588010549545,0.03690487891435623,0.025752509012818336,0.04071515426039696,0.019786735996603966,0.032955415546894073
100,0,LOS+Sun,sun4,0.05508412793278694,0.005859375,0.022487010806798935,0.04669499397277832,0.0230777096003294,0.035804666578769684,0.02268245629966259,0.037760186940431595,0.015999754890799522,0.03160407394170761
100,1,3D,sun4,0.03745175525546074,0.0,0.020782431587576866,0.027763966470956802,0.0208214670419693,0.020202791318297386,0.014808611012995243,0.030600979924201965,0.014893610961735249,0.0243860874325037
100,1,LOS,sun4,0.057742223143577576,0.0,0.020170623436570168,0.05085918679833412,0.020871110260486603,0.043874405324459076,0.018127858638763428,0.0368833988904953,0.011996450833976269,0.033072251826524734
100,1,LOS+Sun,sun4,0.05739470571279526,0.00390625,0.020489150658249855,0.050058770924806595,0.022214166820049286,0.042960066348314285,0.01774938404560089,0.03552715480327606,0.01218695379793644,0.031212549656629562
100,2,3D,sun4,0.034868597984313965,0.0,0.019559752196073532,0.02563387155532837,0.01863742619752884,0.019470427185297012,0.014285829849541187,0.023747626692056656,0.011917293071746826,0.018622756004333496
100,2,LOS,sun4,0.06938457489013672,0.00390625,0.021177496761083603,0.06303101032972336,0.027541447430849075,0.051960255950689316,0.021579375490546227,0.06041448563337326,0.01536839921027422,0.056473735719919205
100,2,LOS+Sun,sun4,0.05720289424061775,0.00390625,0.021867845207452774,0.04915513098239899,0.024512283504009247,0.04032807797193527,0.018516404554247856,0.04103093966841698,0.014878112822771072,0.0356544554233551
100,0,3D,sun15,0.6951999664306641,0.279296875,0.3830910623073578,0.5127061605453491,0.31988728046417236,0.4117662012577057,0.2944434583187103,1.0112910270690918,0.5865871906280518,0.7334416508674622
100,0,LOS,sun15,0.6898058652877808,0.298828125,0.3428037166595459,0.5450899600982666,0.2712320387363434,0.38506177067756653,0.37539100646972656,1.1224949359893799,0.5294119715690613,0.9155347943305969
100,0,LOS+Sun,sun15,0.7163066864013672,0.298828125,0.3740759491920471,0.5506628155708313,0.29308322072029114,0.3581860661506653,0.41024351119995117,1.1363269090652466,0.5677932500839233,0.8940190672874451
100,1,3D,sun15,0.5282469987869263,0.189453125,0.2716098427772522,0.4097954034805298,0.26376575231552124,0.2177295684814453,0.32091689109802246,0.836959958076477,0.3943278193473816,0.6680458188056946
100,1,LOS,sun15,0.5600135326385498,0.134765625,0.3008304834365845,0.4244529604911804,0.22420857846736908,0.296378493309021,0.31780609488487244,0.9526621103286743,0.5307071208953857,0.7012730836868286
100,1,LOS+Sun,sun15,0.751319169998169,0.1796875,0.36932674050331116,0.5959629416465759,0.2944870591163635,0.44363853335380554,0.39286085963249207,1.3521060943603516,0.6743807196617126,1.068162441253662
100,2,3D,sun15,0.5866450071334839,0.234375,0.32464706897735596,0.43449604511260986,0.33591920137405396,0.3074527680873871,0.23838290572166443,0.8772355914115906,0.5280463695526123,0.6277964115142822
100,2,LOS,sun15,0.5857593417167664,0.228515625,0.3336751461029053,0.4334217309951782,0.35229822993278503,0.29146668314933777,0.2501583397388458,0.8954735994338989,0.5513986349105835,0.6401964426040649
100,2,LOS+Sun,sun15,0.5959268808364868,0.19921875,0.3265346586704254,0.44418373703956604,0.36118030548095703,0.3117965757846832,0.22650893032550812,0.885622501373291,0.5194879770278931,0.6446864008903503
100,0,3D,gc15,0.6850534677505493,0.294921875,0.3746316432952881,0.5067864656448364,0.3240198791027069,0.403532475233078,0.2860196530818939,1.0402756929397583,0.5620580911636353,0.7772685289382935
100,0,LOS,gc15,0.7385547161102295,0.28515625,0.3653659224510193,0.581503689289093,0.29221534729003906,0.38509321212768555,0.41849175095558167,1.4389036893844604,0.609373152256012,1.2101200819015503
100,0,LOS+Sun,gc15,0.7623322010040283,0.271484375,0.38513705134391785,0.5880842208862305,0.3083164095878601,0.34568333625793457,0.4526688754558563,1.452868103981018,0.5986646413803101,1.2032196521759033
100,1,3D,gc15,0.5734052658081055,0.189453125,0.27315884828567505,0.4592929780483246,0.27231037616729736,0.23273760080337524,0.3596457839012146,1.115081548690796,0.4231669306755066,0.9550582766532898
100,1,LOS,gc15,0.590925931930542,0.16015625,0.30418944358825684,0.46036598086357117,0.24049484729766846,0.32821977138519287,0.32516735792160034,1.2131880521774292,0.6040115356445312,0.9578368067741394
100,1,LOS+Sun,gc15,0.8006246089935303,0.203125,0.37119802832603455,0.6537917852401733,0.3187459111213684,0.488465815782547,0.4067271947860718,1.7558445930480957,0.7707460522651672,1.4705283641815186
100,2,3D,gc15,0.621096134185791,0.27734375,0.3400039076805115,0.461215615272522,0.358849436044693,0.3288225829601288,0.24709327518939972,1.0545694828033447,0.5718068480491638,0.7947470545768738
100,2,LOS,gc15,0.6225121021270752,0.232421875,0.3529004752635956,0.4562223255634308,0.3820122480392456,0.30449241399765015,0.26073122024536133,1.0743257999420166,0.6033512353897095,0.8050985336303711
100,2,LOS+Sun,gc15,0.6359756588935852,0.205078125,0.3475983738899231,0.4694008231163025,0.3898516893386841,0.32874995470046997,0.2427748441696167,1.09551203250885,0.5853708982467651,0.8355643153190613
100,0,LOS+rho,sun4,0.05703984200954437,0.009765625,0.0245262049138546,0.04761366918683052,0.023787762969732285,0.03635336458683014,0.02469291165471077,0.03813394531607628,0.01808900013566017,0.03093559667468071
100,0,LOS+Sun+rho,sun4,0.05569002404808998,0.0078125,0.02350996434688568,0.04667462408542633,0.02342052385210991,0.03635319694876671,0.022491158917546272,0.03663258999586105,0.016849476844072342,0.029816778376698494
100,1,LOS+rho,sun4,0.05876731127500534,0.0,0.020212238654494286,0.05170583724975586,0.024885457009077072,0.043184392154216766,0.017405793070793152,0.037116099148988724,0.01179905142635107,0.03322017937898636
100,1,LOS+Sun+rho,sun4,0.050420425832271576,0.0,0.01946009136736393,0.043172333389520645,0.021284015849232674,0.03572581335902214,0.016686132177710533,0.028637854382395744,0.01114504411816597,0.024441074579954147
100,2,LOS+rho,sun4,0.06681914627552032,0.0,0.022121043875813484,0.05996290594339371,0.03518285974860191,0.043889835476875305,0.020443756133317947,0.0635906234383583,0.017954114824533463,0.0587468221783638
100,2,LOS+Sun+rho,sun4,0.04786434769630432,0.0,0.01834852620959282,0.041266076266765594,0.02292054519057274,0.030365746468305588,0.018282528966665268,0.04083508998155594,0.012076467275619507,0.03724294155836105
100,0,LOS+rho,sun15,0.6997799277305603,0.267578125,0.3929496109485626,0.5205672979354858,0.3171854317188263,0.38387200236320496,0.3606080412864685,1.0547481775283813,0.6580886840820312,0.7381927967071533
100,0,LOS+Sun+rho,sun15,0.716741681098938,0.265625,0.40588387846946716,0.5298455357551575,0.32760414481163025,0.38151371479034424,0.3790290057659149,1.078115701675415,0.6799043416976929,0.7468977570533752
100,1,LOS+rho,sun15,0.519607663154602,0.134765625,0.20577290654182434,0.4503127634525299,0.25777071714401245,0.3012351989746094,0.23051251471042633,0.8232154250144958,0.39907628297805786,0.6711729168891907
100,1,LOS+Sun+rho,sun15,0.5974007248878479,0.16015625,0.2481725513935089,0.5133848786354065,0.2807910144329071,0.3601902425289154,0.2684178054332733,1.0014199018478394,0.49208593368530273,0.8196203112602234
100,2,LOS+rho,sun15,0.6132953763008118,0.166015625,0.3617600202560425,0.43864038586616516,0.3371458053588867,0.2893112599849701,0.3118375539779663,0.8968334794044495,0.6092336177825928,0.5596324801445007
100,2,LOS+Sun+rho,sun15,0.6351586580276489,0.1796875,0.383722722530365,0.44830843806266785,0.34863921999931335,0.2942955493927002,0.3231980502605438,0.9316733479499817,0.6445515155792236,0.571111798286438
100,0,LOS+rho,gc15,0.695285439491272,0.25390625,0.3875111937522888,0.5193313956260681,0.3219066262245178,0.3773869574069977,0.35402974486351013,1.1437501907348633,0.6731438040733337,0.8180536031723022
100,0,LOS+Sun+rho,gc15,0.7157679796218872,0.255859375,0.39885255694389343,0.5326162576675415,0.3329218924045563,0.3763734698295593,0.3753960132598877,1.186928629875183,0.6912319660186768,0.8479562997817993
100,1,LOS+rho,gc15,0.55133455991745,0.1484375,0.2154557853937149,0.4797784090042114,0.2711707353591919,0.3329266309738159,0.23176303505897522,1.0421748161315918,0.48238280415534973,0.8660917282104492
100,1,LOS+Sun+rho,gc15,0.6363466382026672,0.181640625,0.2618499994277954,0.548946738243103,0.3004946708679199,0.39574140310287476,0.27406126260757446,1.2662780284881592,0.5910211205482483,1.055090308189392
100,2,LOS+rho,gc15,0.614633321762085,0.203125,0.3613659143447876,0.4412519335746765,0.34609919786453247,0.28799551725387573,0.3076878786087036,0.9473270177841187,0.6209090948104858,0.6039527654647827
100,2,LOS+Sun+rho,gc15,0.6360785961151123,0.216796875,0.38598233461380005,0.4463731646537781,0.35764220356941223,0.28902965784072876,0.31692683696746826,0.9728550314903259,0.6617190837860107,0.5914782285690308
200,0,3D,sun4,0.03528770059347153,0.0,0.018965283408761024,0.02659180387854576,0.019502446055412292,0.019516175612807274,0.014065935276448727,0.021744346246123314,0.011274642311036587,0.0169315617531538
200,0,LOS,sun4,0.053377650678157806,0.015625,0.01970367319881916,0.04639448598027229,0.025459975004196167,0.034185077995061874,0.019476575776934624,0.03444898873567581,0.01232616975903511,0.030318040400743484
200,0,LOS+Sun,sun4,0.05524476617574692,0.013671875,0.020929690450429916,0.04789547622203827,0.028796564787626266,0.032925672829151154,0.020250558853149414,0.0394892692565918,0.01475957129150629,0.034346114844083786
200,1,3D,sun4,0.03545628488063812,0.017578125,0.01989109069108963,0.025998281314969063,0.020705878734588623,0.01844739355146885,0.013943304307758808,0.021954528987407684,0.012104188092052937,0.016418032348155975
200,1,LOS,sun4,0.05086854472756386,0.0,0.018442578613758087,0.04472094401717186,0.024094941094517708,0.03370969742536545,0.017109323292970657,0.036965686827898026,0.01179406326264143,0.033648040145635605
200,1,LOS+Sun,sun4,0.0503491535782814,0.0,0.019145861268043518,0.04369483143091202,0.026225870475172997,0.030707675963640213,0.017741886898875237,0.03629665449261665,0.012424134649336338,0.03235478699207306
200,2,3D,sun4,0.03477121889591217,0.0,0.01879192143678665,0.026383083313703537,0.01914972998201847,0.019133025780320168,0.01383807323873043,0.024464309215545654,0.011677774600684643,0.019829656928777695
200,2,LOS,sun4,0.05080155283212662,0.0,0.018540034070611,0.04456660896539688,0.02748754620552063,0.030837681144475937,0.01623951643705368,0.037772297859191895,0.012235229834914207,0.0341692715883255
200,2,LOS+Sun,sun4,0.05111562833189964,0.0,0.021876707673072815,0.04247067868709564,0.02790338173508644,0.03146568313241005,0.01666901260614395,0.03487643599510193,0.01624315232038498,0.028004441410303116
200,0,3D,sun15,0.562916100025177,0.201171875,0.31610608100891113,0.4133449196815491,0.2758227288722992,0.3303065299987793,0.23070311546325684,0.8102694153785706,0.5013251900672913,0.5664926767349243
200,0,LOS,sun15,0.5354247689247131,0.166015625,0.2575150430202484,0.4253716766834259,0.25540006160736084,0.34013479948043823,0.21268653869628906,0.9039314985275269,0.40574201941490173,0.7441929578781128
200,0,LOS+Sun,sun15,0.5635193586349487,0.16796875,0.27788764238357544,0.4425522983074188,0.27867236733436584,0.35354477167129517,0.21666079759597778,0.9373284578323364,0.430695116519928,0.7676723599433899
200,1,3D,sun15,0.7850291132926941,0.376953125,0.3552710711956024,0.6379150748252869,0.31981125473976135,0.45236736536026,0.41993921995162964,1.2816612720489502,0.5821079015731812,1.0435967445373535
200,1,LOS,sun15,0.7288028597831726,0.275390625,0.3465791344642639,0.5860031247138977,0.2931239902973175,0.4269011318683624,0.37679362297058105,1.2707912921905518,0.6553047895431519,0.9883629083633423
200,1,LOS+Sun,sun15,0.7106822729110718,0.26953125,0.33698123693466187,0.571046769618988,0.2891865074634552,0.406562477350235,0.37599891424179077,1.20973801612854,0.624535322189331,0.9365687370300293
200,2,3D,sun15,0.6153604984283447,0.19140625,0.3775581121444702,0.4205828905105591,0.3504968285560608,0.3024486303329468,0.2737760543823242,0.9390566349029541,0.6173257827758789,0.6144762635231018
200,2,LOS,sun15,0.650280773639679,0.16796875,0.4013952314853668,0.4488798975944519,0.3082231879234314,0.2661471962928772,0.3903389275074005,1.0985170602798462,0.7457992434501648,0.6900659799575806
200,2,LOS+Sun,sun15,0.6608301401138306,0.171875,0.4065994620323181,0.4574958086013794,0.3291141092777252,0.27454349398612976,0.3775472342967987,1.10182523727417,0.7443596124649048,0.6977049708366394
200,0,3D,gc15,0.5545079708099365,0.21484375,0.31054696440696716,0.40738674998283386,0.28042542934417725,0.32071176171302795,0.22131243348121643,0.8326469659805298,0.4967040419578552,0.5957978367805481
200,0,LOS,gc15,0.5645436644554138,0.16015625,0.27011141180992126,0.45322591066360474,0.2589690685272217,0.3495975136756897,0.24831834435462952,1.0971752405166626,0.4968474507331848,0.90852952003479
200,0,LOS+Sun,gc15,0.5831012725830078,0.16015625,0.28739655017852783,0.4617437720298767,0.2826359272003174,0.3683616518974304,0.23099933564662933,1.0906435251235962,0.5122649669647217,0.8962770104408264
200,1,3D,gc15,0.8329254388809204,0.296875,0.3518276512622833,0.6869035363197327,0.33531028032302856,0.44610005617141724,0.471591591835022,1.6162391901016235,0.5732972621917725,1.3927198648452759
200,1,LOS,gc15,0.7276841402053833,0.26953125,0.3477020859718323,0.585674524307251,0.3046618103981018,0.42033541202545166,0.3747280538082123,1.3623504638671875,0.69416344165802,1.065137505531311
200,1,LOS+Sun,gc15,0.7091772556304932,0.24609375,0.33490508794784546,0.5725877285003662,0.30021098256111145,0.402322918176651,0.3740212023258209,1.3041881322860718,0.6548764705657959,1.0236501693725586
200,2,3D,gc15,0.63079434633255,0.234375,0.3846217095851898,0.43100231885910034,0.3646480441093445,0.31388258934020996,0.27237460017204285,1.0538201332092285,0.6463928818702698,0.7160015106201172
200,2,LOS,gc15,0.6774021983146667,0.189453125,0.40992608666419983,0.4741629362106323,0.3133288621902466,0.2755430042743683,0.4107345938682556,1.2722690105438232,0.8126287460327148,0.8354097604751587
200,2,LOS+Sun,gc15,0.6887167692184448,0.19921875,0.4156637191772461,0.48273003101348877,0.3334525227546692,0.28583046793937683,0.39817216992378235,1.2749054431915283,0.8121763467788696,0.8410635590553284
200,0,LOS+rho,sun4,0.04772133380174637,0.0,0.01928093656897545,0.04064536094665527,0.025561802089214325,0.02837448939681053,0.01715810038149357,0.03128688037395477,0.012588226236402988,0.02684725634753704
200,0,LOS+Sun+rho,sun4,0.05406779795885086,0.0,0.021541140973567963,0.04648572579026222,0.032965172082185745,0.02959129959344864,0.017718443647027016,0.043095383793115616,0.015866605564951897,0.03801845759153366
200,1,LOS+rho,sun4,0.048285067081451416,0.0,0.01974763721227646,0.040900666266679764,0.02310005947947502,0.03156301751732826,0.01689501479268074,0.03493284061551094,0.01253354363143444,0.03066929802298546
200,1,LOS+Sun+rho,sun4,0.04468962550163269,0.0,0.018817225471138954,0.03747880458831787,0.022426599636673927,0.02643025666475296,0.018316611647605896,0.029464203864336014,0.011653215624392033,0.02525392360985279
200,2,LOS+rho,sun4,0.04993129149079323,0.0,0.02024923637509346,0.04243021458387375,0.026450812816619873,0.031236199662089348,0.01700899749994278,0.03242262825369835,0.013930073007941246,0.027331717312335968
200,2,LOS+Sun+rho,sun4,0.05095648393034935,0.0,0.02058033086359501,0.043145835399627686,0.02692463994026184,0.03229774534702301,0.016417816281318665,0.03381172567605972,0.014425662346184254,0.028314195573329926
200,0,LOS+rho,sun15,0.6356855034828186,0.154296875,0.3447555899620056,0.4799833297729492,0.29969456791877747,0.3326839804649353,0.3320988416671753,1.0821681022644043,0.6401384472846985,0.7731664180755615
200,0,LOS+Sun+rho,sun15,0.639609694480896,0.154296875,0.3504013419151306,0.47953107953071594,0.30631372332572937,0.3362120985984802,0.3311639428138733,1.0675840377807617,0.6398376226425171,0.7581518292427063
200,1,LOS+rho,sun15,1.0917123556137085,0.3046875,0.6308380365371704,0.7627606391906738,0.3772709369659424,0.4286268353462219,0.7755811214447021,2.110527515411377,1.2959760427474976,1.3994150161743164
200,1,LOS+Sun+rho,sun15,1.06068754196167,0.294921875,0.6168755292892456,0.7387679815292358,0.3719141185283661,0.4164128303527832,0.7501640319824219,2.0348691940307617,1.2604832649230957,1.34328293800354
200,2,LOS+rho,sun15,0.6730244159698486,0.19140625,0.4087758958339691,0.47009652853012085,0.36635899543762207,0.29022079706192017,0.36386772990226746,1.070663332939148,0.7205910086631775,0.68291175365448
200,2,LOS+Sun+rho,sun15,0.6803309917449951,0.197265625,0.4139753580093384,0.4733654260635376,0.358440637588501,0.2895328998565674,0.377894788980484,1.1033552885055542,0.7448137998580933,0.699202835559845
200,0,LOS+rho,gc15,0.6592782735824585,0.1796875,0.3471100926399231,0.5072501301765442,0.29816004633903503,0.34647053480148315,0.3540840148925781,1.2912640571594238,0.7231662273406982,0.947299599647522
200,0,LOS+Sun+rho,gc15,0.6582274436950684,0.1796875,0.3513225317001343,0.5026126503944397,0.30701106786727905,0.3536750078201294,0.34217604994773865,1.2567728757858276,0.7187899947166443,0.913009524345398
200,1,LOS+rho,gc15,1.160003662109375,0.310546875,0.6491653919219971,0.8240727782249451,0.39481809735298157,0.45672377943992615,0.8297683000564575,2.4597420692443848,1.454115390777588,1.6533095836639404
200,1,LOS+Sun+rho,gc15,1.1239829063415527,0.298828125,0.6322091817855835,0.7973482608795166,0.38816988468170166,0.44074583053588867,0.8004506230354309,2.368712902069092,1.4057070016860962,1.5902149677276611
200,2,LOS+rho,gc15,0.6869890689849854,0.193359375,0.4096072018146515,0.4888024628162384,0.3659476637840271,0.3048359751701355,0.366726815700531,1.206920862197876,0.7686074376106262,0.8007889986038208
200,2,LOS+Sun+rho,gc15,0.6964707374572754,0.1953125,0.41488564014434814,0.4943762421607971,0.3575271964073181,0.3028043806552887,0.3855955898761749,1.2513898611068726,0.7985654473304749,0.8264404535293579
500,0,3D,sun4,0.03438199684023857,0.0,0.019198808819055557,0.025442717596888542,0.018590951338410378,0.01802235096693039,0.014980735257267952,0.02627423033118248,0.012642464600503445,0.021235737949609756
500,0,LOS,sun4,0.05234832689166069,0.00390625,0.01843617856502533,0.04629764333367348,0.024896161630749702,0.035438939929008484,0.016629068180918694,0.03491050750017166,0.01145948190242052,0.03146040439605713
500,0,LOS+Sun,sun4,0.05890357866883278,0.00390625,0.020437680184841156,0.0525321289896965,0.032180510461330414,0.037583012133836746,0.016386589035391808,0.04741944000124931,0.015400237403810024,0.04330072179436684
500,1,3D,sun4,0.034462086856365204,0.0,0.018980327993631363,0.02548053488135338,0.01950911618769169,0.01846083626151085,0.013758661225438118,0.02231324464082718,0.011086520738899708,0.017609452828764915
500,1,LOS,sun4,0.04610119014978409,0.0,0.016976669430732727,0.04020833969116211,0.021347152069211006,0.02989090047776699,0.017087073996663094,0.027805505320429802,0.008832680061459541,0.02517245151102543
500,1,LOS+Sun,sun4,0.04599723592400551,0.0,0.017634643241763115,0.03976106643676758,0.021723320707678795,0.028824102133512497,0.017908889800310135,0.027547430247068405,0.009760069660842419,0.024397242814302444
500,2,3D,sun4,0.03480338677763939,0.0,0.019070569425821304,0.026056502014398575,0.017839502543210983,0.020320702344179153,0.013786129653453827,0.02372838743031025,0.011831727810204029,0.01879778318107128
500,2,LOS,sun4,0.047359466552734375,0.0,0.018322134390473366,0.04101911187171936,0.023536240682005882,0.027532387524843216,0.02013304829597473,0.035219062119722366,0.012533465400338173,0.0314398854970932
500,2,LOS+Sun,sun4,0.044197216629981995,0.0,0.01689721830189228,0.03828910365700722,0.022839412093162537,0.026248617097735405,0.016484446823596954,0.029948368668556213,0.009703957475721836,0.027062272652983665
500,0,3D,sun15,0.5629820227622986,0.150390625,0.35322725772857666,0.3805391490459442,0.3252839148044586,0.24310407042503357,0.28164932131767273,0.8079250454902649,0.5537819266319275,0.4972909092903137
500,0,LOS,sun15,0.5580368041992188,0.19921875,0.25201934576034546,0.45453786849975586,0.2609221041202545,0.3284628987312317,0.2623251676559448,0.9906718730926514,0.44266220927238464,0.8125981688499451
500,0,LOS+Sun,sun15,0.6097910404205322,0.185546875,0.28420233726501465,0.4927785396575928,0.2784116268157959,0.3578861951828003,0.294059693813324,1.1276562213897705,0.5152974128723145,0.9177799224853516
500,1,3D,sun15,0.5786721706390381,0.2109375,0.29452306032180786,0.4508324861526489,0.2775614559650421,0.2901758551597595,0.3061850070953369,0.871972918510437,0.41706424951553345,0.6904985904693604
500,1,LOS,sun15,0.5023727416992188,0.111328125,0.2963329553604126,0.35849374532699585,0.3037472367286682,0.22305908799171448,0.23398754000663757,0.7245845198631287,0.4822152853012085,0.4639977216720581
500,1,LOS+Sun,sun15,0.5040653347969055,0.111328125,0.29875728487968445,0.3580780029296875,0.3061670660972595,0.22643977403640747,0.23134255409240723,0.7283632755279541,0.48667699098587036,0.4664008319377899
500,2,3D,sun15,0.6286327838897705,0.197265625,0.40115779638290405,0.4147840440273285,0.36203277111053467,0.2749655246734619,0.3028419315814972,0.9650984406471252,0.6783866882324219,0.5815306305885315
500,2,LOS,sun15,0.48159271478652954,0.12109375,0.25657641887664795,0.36440229415893555,0.25586920976638794,0.22701042890548706,0.24882616102695465,0.805507481098175,0.46169236302375793,0.5916904211044312
500,2,LOS+Sun,sun15,0.47034499049186707,0.123046875,0.2450181245803833,0.3575928211212158,0.2642742395401001,0.23583590984344482,0.21231892704963684,0.7631756067276001,0.42767831683158875,0.5668395757675171
500,0,3D,gc15,0.5677046775817871,0.16796875,0.352331280708313,0.3880385458469391,0.3291688859462738,0.24775058031082153,0.2805529832839966,0.8756606578826904,0.5610387921333313,0.5627321600914001
500,0,LOS,gc15,0.5999712944030762,0.19140625,0.2671383023262024,0.49339109659194946,0.26875728368759155,0.3346410095691681,0.3023763597011566,1.2526501417160034,0.5252335667610168,1.052680253982544
500,0,LOS+Sun,gc15,0.6593239307403564,0.193359375,0.30250921845436096,0.5374795198440552,0.28424543142318726,0.36932066082954407,0.3433709740638733,1.421527624130249,0.6152161955833435,1.1777883768081665
500,1,3D,gc15,0.6201496124267578,0.2109375,0.29259464144706726,0.49699851870536804,0.28499820828437805,0.2989689111709595,0.35048606991767883,1.1434036493301392,0.43327635526657104,0.9722468852996826
500,1,LOS,gc15,0.5047256350517273,0.109375,0.2982897162437439,0.3561374247074127,0.3104780614376068,0.2241828888654709,0.22771376371383667,0.7782729864120483,0.512411892414093,0.4884823262691498
500,1,LOS+Sun,gc15,0.5057345628738403,0.10546875,0.2991877794265747,0.3559906482696533,0.311920702457428,0.22745703160762787,0.22371652722358704,0.7866715788841248,0.5151596069335938,0.4980570077896118
500,2,3D,gc15,0.6380327343940735,0.224609375,0.4088418781757355,0.42040324211120605,0.3747464716434479,0.2861800491809845,0.2943648099899292,1.0251071453094482,0.6956371068954468,0.6259571313858032
500,2,LOS,gc15,0.5096290707588196,0.10546875,0.2724461853504181,0.3842191696166992,0.26633769273757935,0.2271171510219574,0.2758145332336426,0.9795887470245361,0.5336852669715881,0.7329887747764587
500,2,LOS+Sun,gc15,0.4932783544063568,0.111328125,0.26138317584991455,0.3715212345123291,0.27537232637405396,0.23646898567676544,0.23268970847129822,0.9119127988815308,0.4962071478366852,0.6781806945800781
500,0,LOS+rho,sun4,0.051311101764440536,0.0,0.017529379576444626,0.04573803395032883,0.025038810446858406,0.033821213990449905,0.016224486753344536,0.035007745027542114,0.010239413939416409,0.03225172683596611
500,0,LOS+Sun+rho,sun4,0.056380510330200195,0.0,0.020015330985188484,0.049978598952293396,0.028935393318533897,0.037722229957580566,0.015670958906412125,0.04481179267168045,0.01425350271165371,0.0408182367682457
500,1,LOS+rho,sun4,0.043389059603214264,0.0,0.016628218814730644,0.0373525470495224,0.021493352949619293,0.026445381343364716,0.01667507365345955,0.025139551609754562,0.008766437880694866,0.022342871874570847
500,1,LOS+Sun+rho,sun4,0.0437152124941349,0.0,0.017116665840148926,0.037295978516340256,0.021406685933470726,0.027175962924957275,0.016207654029130936,0.025347953662276268,0.009295915253460407,0.022235294803977013
500,2,LOS+rho,sun4,0.040843188762664795,0.0,0.01635241135954857,0.0349593348801136,0.023392822593450546,0.021496372297406197,0.01584128849208355,0.029106851667165756,0.008912377990782261,0.026648620143532753
500,2,LOS+Sun+rho,sun4,0.040789756923913956,0.0,0.017054978758096695,0.03448392078280449,0.021371887996792793,0.023868577554821968,0.01591557450592518,0.030263569205999374,0.010478461161255836,0.027116483077406883
500,0,LOS+rho,sun15,0.5633401274681091,0.1171875,0.32056963443756104,0.41381996870040894,0.2763892710208893,0.2612527906894684,0.31060636043548584,0.9113934636116028,0.58254075050354,0.6106570959091187
500,0,LOS+Sun+rho,sun15,0.5372825860977173,0.10546875,0.3071155548095703,0.39366137981414795,0.2976543605327606,0.24449840188026428,0.27059343457221985,0.8129446506500244,0.5247434377670288,0.5394756197929382
500,1,LOS+rho,sun15,0.5862146615982056,0.140625,0.3382698893547058,0.42577701807022095,0.31769269704818726,0.2769414186477661,0.30423715710639954,0.9031312465667725,0.6021699905395508,0.5810897946357727
500,1,LOS+Sun+rho,sun15,0.5857387781143188,0.125,0.33841419219970703,0.42371490597724915,0.3272886872291565,0.2728656828403473,0.2999989986419678,0.8898704648017883,0.5958508253097534,0.5690084099769592
500,2,LOS+rho,sun15,0.5685117840766907,0.14453125,0.32306116819381714,0.42058444023132324,0.2846824526786804,0.2678348124027252,0.3046943247318268,0.9453703165054321,0.5920724868774414,0.6500369310379028
500,2,LOS+Sun+rho,sun15,0.5519163012504578,0.134765625,0.3198373317718506,0.404017835855484,0.29583072662353516,0.2563507556915283,0.28088122606277466,0.8887600302696228,0.564713716506958,0.6027923226356506
500,0,LOS+rho,gc15,0.5682802200317383,0.166015625,0.31733232736587524,0.42328161001205444,0.28089839220046997,0.2590990960597992,0.3148500919342041,1.0227677822113037,0.6175931692123413,0.705973207950592
500,0,LOS+Sun+rho,gc15,0.5353901386260986,0.13671875,0.3024559020996094,0.39556819200515747,0.2975762188434601,0.24105405807495117,0.26930955052375793,0.8852332830429077,0.5436715483665466,0.5998361110687256
500,1,LOS+rho,gc15,0.5925043821334839,0.154296875,0.33538275957107544,0.4344342350959778,0.31975412368774414,0.2894917130470276,0.29510512948036194,1.0167080163955688,0.6386206150054932,0.6758524179458618
500,1,LOS+Sun+rho,gc15,0.5899937748908997,0.146484375,0.33518242835998535,0.429939329624176,0.3290673792362213,0.2831306755542755,0.29123222827911377,0.992447018623352,0.6273789405822754,0.6534374952316284
500,2,LOS+rho,gc15,0.5890356302261353,0.17578125,0.32962554693222046,0.4405350089073181,0.28832492232322693,0.2778080999851227,0.3237580358982086,1.111002802848816,0.6617225408554077,0.7876759767532349
500,2,LOS+Sun+rho,gc15,0.5669302940368652,0.1640625,0.32528242468833923,0.4187273681163788,0.29851800203323364,0.26529741287231445,0.29429781436920166,1.0270675420761108,0.6240549087524414,0.715111494064331
1000,0,3D,sun4,0.03343714773654938,0.0,0.017986558377742767,0.025247443467378616,0.018689660355448723,0.017709437757730484,0.013500424101948738,0.024550097063183784,0.010884074494242668,0.02019483782351017
1000,0,LOS,sun4,0.04957575350999832,0.001953125,0.0179591104388237,0.04348538815975189,0.023263119161128998,0.03234202414751053,0.01770038530230522,0.03113093040883541,0.01020816806703806,0.027936264872550964
1000,0,LOS+Sun,sun4,0.049817074090242386,0.001953125,0.01737608015537262,0.04414668306708336,0.024338236078619957,0.03242979943752289,0.016609184443950653,0.032324641942977905,0.009835968725383282,0.029527228325605392
1000,1,3D,sun4,0.03493274748325348,0.0,0.019220100715756416,0.026130182668566704,0.018066082149744034,0.020612766966223717,0.013772259466350079,0.02313273772597313,0.011484351940453053,0.018328964710235596
1000,1,LOS,sun4,0.047283243387937546,0.0,0.017956968396902084,0.040803659707307816,0.021008580923080444,0.03270108625292778,0.01636275090277195,0.028364887461066246,0.01049118209630251,0.024821283295750618
1000,1,LOS+Sun,sun4,0.04982820898294449,0.0,0.01823180541396141,0.043253641575574875,0.021404892206192017,0.03582169860601425,0.01602291315793991,0.029272407293319702,0.010262437164783478,0.025767486542463303
1000,2,3D,sun4,0.033849701285362244,0.001953125,0.018679311498999596,0.025044498965144157,0.01845419593155384,0.018779411911964417,0.013446230441331863,0.02156052738428116,0.010890983045101166,0.016805171966552734
1000,2,LOS,sun4,0.04928895831108093,0.0,0.0172251109033823,0.04350201413035393,0.02226303704082966,0.032671280205249786,0.01810661144554615,0.0325019434094429,0.00970450695604086,0.02986113727092743
1000,2,LOS+Sun,sun4,0.04950878024101257,0.0,0.01687569171190262,0.044008173048496246,0.022643564268946648,0.03261308744549751,0.01818263903260231,0.032737381756305695,0.00927566085010767,0.03035801276564598
1000,0,3D,sun15,0.5876637101173401,0.21875,0.35094016790390015,0.40941399335861206,0.3233143091201782,0.2887433171272278,0.2714789807796478,0.850944459438324,0.5524315237998962,0.554425835609436
1000,0,LOS,sun15,0.4300742745399475,0.12109375,0.20243099331855774,0.3441348075866699,0.22162817418575287,0.24147996306419373,0.19193202257156372,0.7594708204269409,0.3357941806316376,0.623612105846405
1000,0,LOS+Sun,sun15,0.4196285307407379,0.1171875,0.20047327876091003,0.33292698860168457,0.22510991990566254,0.23468449711799622,0.17985805869102478,0.7240569591522217,0.32286104559898376,0.5923902988433838
1000,1,3D,sun15,0.6457626223564148,0.25,0.29501044750213623,0.5228976011276245,0.27643683552742004,0.3517986834049225,0.3363441228866577,1.0225539207458496,0.4451475739479065,0.8344566226005554
1000,1,LOS,sun15,0.5550066828727722,0.18359375,0.26252689957618713,0.4460577368736267,0.29805171489715576,0.32042619585990906,0.22302928566932678,0.8767792582511902,0.4675314724445343,0.6665358543395996
1000,1,LOS+Sun,sun15,0.5675795078277588,0.189453125,0.26325714588165283,0.4591890573501587,0.3034832179546356,0.33565962314605713,0.21737584471702576,0.9013277292251587,0.46662911772727966,0.6940823793411255
1000,2,3D,sun15,0.6521143913269043,0.259765625,0.3803730607032776,0.4635436236858368,0.3424447178840637,0.34810781478881836,0.28797805309295654,0.9845662117004395,0.6309782862663269,0.6586152911186218
1000,2,LOS,sun15,0.7025240659713745,0.23046875,0.35785388946533203,0.5336475968360901,0.2930140495300293,0.3435390591621399,0.39251014590263367,1.3146989345550537,0.6784439086914062,0.9914587736129761
1000,2,LOS+Sun,sun15,0.6898232102394104,0.21875,0.3495735228061676,0.5262644290924072,0.29943645000457764,0.3380696773529053,0.3749109208583832,1.2914327383041382,0.6577717661857605,0.9828494191169739
1000,0,3D,gc15,0.5948854088783264,0.224609375,0.35165971517562866,0.41870561242103577,0.3301534056663513,0.2883288860321045,0.2748788595199585,0.9285463094711304,0.5601149797439575,0.6389578580856323
1000,0,LOS,gc15,0.4661734998226166,0.12890625,0.21253602206707,0.3796124756336212,0.2236151099205017,0.24644577503204346,0.23081693053245544,0.9502301216125488,0.3950396776199341,0.8008530139923096
1000,0,LOS+Sun,gc15,0.4490593671798706,0.125,0.20780855417251587,0.36373382806777954,0.22621920704841614,0.23855189979076385,0.21285918354988098,0.882143497467041,0.3725908398628235,0.7422351241111755
1000,1,3D,gc15,0.6840267777442932,0.259765625,0.29391956329345703,0.5646153092384338,0.2854926884174347,0.35411885380744934,0.3813173770904541,1.2908986806869507,0.45776283740997314,1.112676978111267
1000,1,LOS,gc15,0.5768858194351196,0.15625,0.27571409940719604,0.4631813168525696,0.3125283122062683,0.3343185782432556,0.2233300507068634,1.0535738468170166,0.5432887077331543,0.8176934719085693
1000,1,LOS+Sun,gc15,0.5913868546485901,0.166015625,0.2769186496734619,0.47825324535369873,0.31841132044792175,0.35071492195129395,0.2192799150943756,1.0925745964050293,0.5478762984275818,0.8593814969062805
1000,2,3D,gc15,0.6788837909698486,0.283203125,0.39637666940689087,0.48159921169281006,0.3641379475593567,0.36517930030822754,0.2888110876083374,1.1390957832336426,0.6805893182754517,0.7878533601760864
1000,2,LOS,gc15,0.7603102326393127,0.248046875,0.3845701813697815,0.5814903974533081,0.31921499967575073,0.3738775849342346,0.4320436418056488,1.699116587638855,0.8415072560310364,1.322335124015808
1000,2,LOS+Sun,gc15,0.7468382716178894,0.244140625,0.3771199882030487,0.5726830959320068,0.3254541754722595,0.36779817938804626,0.4146462380886078,1.6649348735809326,0.8206189870834351,1.3012537956237793
1000,0,LOS+rho,sun4,0.04624571651220322,0.0,0.018036866560578346,0.039684537798166275,0.022139403969049454,0.02996720001101494,0.01642964966595173,0.02624434418976307,0.010273058898746967,0.022575177252292633
1000,0,LOS+Sun+rho,sun4,0.04464603587985039,0.0,0.017684660851955414,0.03842271864414215,0.021329836919903755,0.027781672775745392,0.017670899629592896,0.02625546045601368,0.010563661344349384,0.022713035345077515
1000,1,LOS+rho,sun4,0.04044453054666519,0.0,0.0165245458483696,0.03440927714109421,0.022151891142129898,0.022111257538199425,0.01624424010515213,0.026869866997003555,0.008854500949382782,0.024286191910505295
1000,1,LOS+Sun+rho,sun4,0.04447364807128906,0.0,0.018127331510186195,0.03792722523212433,0.025182241573929787,0.02270069345831871,0.018978774547576904,0.03440912812948227,0.012122713960707188,0.03060161881148815
1000,2,LOS+rho,sun4,0.03842206671833992,0.0,0.015874136239290237,0.032433222979307175,0.02025594934821129,0.02088070660829544,0.016769660636782646,0.023966027423739433,0.008428778499364853,0.02121363766491413
1000,2,LOS+Sun+rho,sun4,0.044332049787044525,0.0,0.016123710200190544,0.038884710520505905,0.025836346670985222,0.023306166753172874,0.01691768504679203,0.03291960060596466,0.009288996458053589,0.030507337301969528
1000,0,LOS+rho,sun15,0.5726752281188965,0.10546875,0.31957754492759705,0.42642873525619507,0.28600767254829407,0.2506048083305359,0.3287107050418854,0.9730269312858582,0.6000628471374512,0.6734352707862854
1000,0,LOS+Sun+rho,sun15,0.5757591724395752,0.111328125,0.3250625431537628,0.4252285957336426,0.29189369082450867,0.2430810183286667,0.33579903841018677,0.9797908067703247,0.610153079032898,0.6727698445320129
1000,1,LOS+rho,sun15,0.5991116762161255,0.16015625,0.32563483715057373,0.45221632719039917,0.2636682391166687,0.3110300898551941,0.34397920966148376,0.9788708686828613,0.6226545572280884,0.6512592434883118
1000,1,LOS+Sun+rho,sun15,0.6054077744483948,0.162109375,0.3343006372451782,0.45174703001976013,0.26690664887428284,0.30582380294799805,0.3550594747066498,0.9940944910049438,0.6384264826774597,0.6551504731178284
1000,2,LOS+rho,sun15,0.6950021982192993,0.22265625,0.38685548305511475,0.5229206681251526,0.27443593740463257,0.32198795676231384,0.4210159480571747,1.265112042427063,0.7735997438430786,0.8952772617340088
1000,2,LOS+Sun+rho,sun15,0.6887971758842468,0.19921875,0.39011985063552856,0.5100608468055725,0.28280919790267944,0.30774593353271484,0.41651326417922974,1.2467297315597534,0.7800978422164917,0.8627679944038391
1000,0,LOS+rho,gc15,0.5891396999359131,0.14453125,0.316927045583725,0.44812673330307007,0.2858445346355438,0.25244271755218506,0.34927982091903687,1.1204125881195068,0.6401605010032654,0.8027680516242981
1000,0,LOS+Sun+rho,gc15,0.5895041227340698,0.146484375,0.32083070278167725,0.44463348388671875,0.29064780473709106,0.24311378598213196,0.3552556037902832,1.1178267002105713,0.6471954584121704,0.7928978800773621
1000,1,LOS+rho,gc15,0.6196881532669067,0.173828125,0.32956019043922424,0.47165247797966003,0.27388426661491394,0.3330060839653015,0.3383074998855591,1.1474435329437256,0.6938914656639099,0.7804046869277954
1000,1,LOS+Sun+rho,gc15,0.6260249614715576,0.1796875,0.3376390337944031,0.4716123044490814,0.2765204608440399,0.3275696933269501,0.34935569763183594,1.1652988195419312,0.7101573944091797,0.7861407995223999
1000,2,LOS+rho,gc15,0.7373741865158081,0.23046875,0.3949533700942993,0.5692074298858643,0.285439133644104,0.3506486117839813,0.4527195990085602,1.5469454526901245,0.8660621643066406,1.1644734144210815
1000,2,LOS+Sun+rho,gc15,0.7360785007476807,0.205078125,0.3964308500289917,0.5608447194099426,0.28929662704467773,0.340880423784256,0.4511334300041199,1.5421701669692993,0.8750324249267578,1.1345152854919434
