arch,n,trial,e_chi_full,e_chi_split,e_val,e_oracle,chi_crossed,rec4_chi_full,rec15_chi_full,rec4_val_split,rec15_val_split,rec4_val_refit,rec15_val_refit,rec4_oracle,rec4_e1500,rec15_e1500,chi_end_full,chi_val_min
IV,50,0,69,53,29,0,True,0.3467547,0.2193492,0.25216758,0.21082917,0.2765131,0.21809039,0.1269066,0.59932035,0.52586305,0.36672828,0.9662209
IV,50,1,47,21,814,0,True,0.28935546,0.2346629,0.3493035,0.48395482,0.35397774,0.5890196,0.12599385,0.46272475,0.46582022,0.46060413,0.88247514
IV,50,2,106,135,65,0,True,0.28918517,0.24686527,0.38188,0.25856155,0.36360925,0.26484936,0.12655418,0.47434098,0.43616492,0.301794,0.68713593
IV,50,3,0,5,0,0,True,0.12665899,0.15702969,0.12678492,0.15708227,0.12665899,0.15702969,0.12665899,0.40230155,0.37855962,0.44993022,0.64806783
IV,50,4,9,18,10,3,True,0.1915567,0.20352323,0.22819202,0.21751241,0.22452132,0.21939929,0.12510005,0.36870414,0.32553452,0.27461836,0.560056
IV,50,5,0,9,0,2,True,0.12610072,0.15733035,0.12614985,0.15736794,0.12610072,0.15733035,0.12563986,0.39845422,0.6798218,0.36694792,0.33055598
IV,200,0,423,608,696,0,True,0.17934656,0.31101757,0.12992688,0.39859927,0.27566183,0.32510328,0.12686461,0.410505,0.40469095,0.52672625,0.7009831
IV,200,1,126,89,797,105,True,0.12543324,0.27736235,0.23963396,0.31475252,0.3039519,0.30232966,0.098623216,0.35174382,0.3471759,0.51852584,0.7414516
IV,200,2,115,196,608,0,True,0.30822876,0.20234841,0.14580783,0.3459161,0.2327357,0.40993595,0.12666461,0.2812214,0.25542188,0.5689297,0.6809515
IV,200,3,59,59,343,0,True,0.21208555,0.22192065,0.17603046,0.22246093,0.22537096,0.35099667,0.12681445,0.47729743,0.46138984,0.52212995,0.722572
IV,200,4,176,175,670,4,True,0.20103773,0.18824251,0.27885306,0.29566622,0.32439944,0.35804388,0.124428526,0.38185862,0.3235509,0.483843,0.7773878
IV,200,5,215,92,873,0,True,0.25826856,0.2105061,0.30579323,0.31061232,0.33911914,0.32956874,0.12661308,0.33818457,0.293284,0.5949005,0.9094544
IV,500,0,750,692,254,256,True,0.22522289,0.340316,0.15734963,0.41214567,0.099750124,0.385976,0.09967045,0.24122122,0.3803403,0.71813726,0.96034974
IV,500,1,544,519,967,433,True,0.17216955,0.38925216,0.1489489,0.29796582,0.18964855,0.2816669,0.11647747,0.18828908,0.28778753,0.71409965,0.8626404
IV,500,2,35,35,636,0,True,0.32635075,0.21584241,0.21027134,0.27948755,0.20506717,0.26798213,0.1265507,0.2643151,0.39170256,0.6251129,0.7149117
IV,500,3,765,424,43,377,True,0.16282856,0.22309496,0.32459384,0.2865582,0.30800423,0.269122,0.11753076,0.25320336,0.2663374,0.68532234,0.8824316
IV,500,4,598,504,307,365,True,0.11678054,0.2162515,0.22704501,0.22821556,0.12944,0.2024311,0.09363494,0.18931198,0.25750893,0.73691744,0.7984549
IV,500,5,281,286,192,233,True,0.1292852,0.19071242,0.19111578,0.22139964,0.13326958,0.19427218,0.124116234,0.24984306,0.24842717,0.7328036,0.80290455
