n_samples,trial,mode,region,rel_err,neg_frac,rel_los,rel_trv,rel_R,rel_z,rel_phi
50,0,3D,sun4,0.040517836809158325,0.05859375,0.016331661492586136,0.03382423147559166,0.00990564376115799,0.03590616583824158,0.008374445140361786
50,0,LOS,sun4,0.08728571236133575,0.01171875,0.02274709939956665,0.0806402862071991,0.017227180302143097,0.0781203955411911,0.01804281584918499
50,0,LOS+Sun,sun4,0.08728134632110596,0.013671875,0.02174980193376541,0.08085789531469345,0.015256720595061779,0.07957597076892853,0.016638420522212982
50,0,LOS+rho,sun4,0.08420420438051224,0.001953125,0.021612178534269333,0.07770285755395889,0.015446274541318417,0.07649962604045868,0.016982436180114746
50,0,LOS+Sun+rho,sun4,0.08806973695755005,0.001953125,0.023208925500512123,0.08143441379070282,0.023402057588100433,0.07892080396413803,0.016108866780996323
50,0,3D,sun15,0.5341942310333252,0.318359375,0.22942480444908142,0.4318664073944092,0.29187244176864624,0.33015403151512146,0.14994749426841736
50,0,LOS,sun15,0.3319883942604065,0.138671875,0.19854766130447388,0.2210928499698639,0.1842154860496521,0.19000671803951263,0.10994906723499298
50,0,LOS+Sun,sun15,0.36938101053237915,0.154296875,0.2167672961950302,0.2487759292125702,0.19549660384655,0.21656253933906555,0.12197745591402054
50,0,LOS+rho,sun15,0.3597782254219055,0.033203125,0.2025374323129654,0.255658894777298,0.21097329258918762,0.19971933960914612,0.0993037149310112
50,0,LOS+Sun+rho,sun15,0.3447009027004242,0.029296875,0.18880853056907654,0.24706269800662994,0.1946384310722351,0.2029029279947281,0.09025765210390091
50,0,3D,gc15,0.46638989448547363,0.330078125,0.1604342758655548,0.4144056439399719,0.2360198050737381,0.30407267808914185,0.15202617645263672
50,0,LOS,gc15,0.2670593559741974,0.068359375,0.13405123353004456,0.20529353618621826,0.13174855709075928,0.16436758637428284,0.10917089879512787
50,0,LOS+Sun,gc15,0.30250340700149536,0.087890625,0.1582096964120865,0.2280186116695404,0.1463012397289276,0.18737545609474182,0.11727412045001984
50,0,LOS+rho,gc15,0.26993170380592346,0.0390625,0.12378828227519989,0.22060029208660126,0.14022600650787354,0.16059881448745728,0.09543342888355255
50,0,LOS+Sun+rho,gc15,0.25352245569229126,0.02734375,0.1084497720003128,0.21316111087799072,0.12350767850875854,0.1627679020166397,0.08382658660411835
50,1,3D,sun4,0.041743069887161255,0.021484375,0.020782845094799995,0.032589368522167206,0.018866324797272682,0.03249616175889969,0.009650417603552341
50,1,LOS,sun4,0.08235543221235275,0.00390625,0.025432664901018143,0.07297457009553909,0.02460794895887375,0.0726507306098938,0.012117949314415455
50,1,LOS+Sun,sun4,0.07044912874698639,0.005859375,0.01791517436504364,0.06418505311012268,0.011126423254609108,0.06501241028308868,0.010936569422483444
50,1,LOS+rho,sun4,0.06969523429870605,0.0,0.01583952270448208,0.06478442251682281,0.010748633183538914,0.063359834253788,0.01309738215059042
50,1,LOS+Sun+rho,sun4,0.0645373985171318,0.0,0.014132175594568253,0.06033018231391907,0.011168694123625755,0.05928558111190796,0.009604861959815025
50,1,3D,sun15,0.3845122456550598,0.205078125,0.19811619818210602,0.2918599247932434,0.24488377571105957,0.2049204409122467,0.09740070253610611
50,1,LOS,sun15,0.49472182989120483,0.169921875,0.21405518054962158,0.387775182723999,0.22765865921974182,0.3221589922904968,0.1474304497241974
50,1,LOS+Sun,sun15,0.4283900260925293,0.16796875,0.19205594062805176,0.3308259844779968,0.1943405568599701,0.2821139395236969,0.1233687773346901
50,1,LOS+rho,sun15,0.3476295471191406,0.072265625,0.15089528262615204,0.27905842661857605,0.15778520703315735,0.2320495843887329,0.10985316336154938
50,1,LOS+Sun+rho,sun15,0.34126120805740356,0.072265625,0.1485523283481598,0.27626290917396545,0.15779346227645874,0.21939398348331451,0.11848001182079315
50,1,3D,gc15,0.32530248165130615,0.173828125,0.15592968463897705,0.26207730174064636,0.19939188659191132,0.18376754224300385,0.09297505766153336
50,1,LOS,gc15,0.4571138918399811,0.150390625,0.18172043561935425,0.3785463869571686,0.2027045041322708,0.30093514919281006,0.15303584933280945
50,1,LOS+Sun,gc15,0.3882687985897064,0.134765625,0.15557099878787994,0.3229588270187378,0.1669130027294159,0.26307442784309387,0.12553976476192474
50,1,LOS+rho,gc15,0.301996111869812,0.07421875,0.10650363564491272,0.2665959298610687,0.12250664085149765,0.2150373011827469,0.1028619036078453
50,1,LOS+Sun+rho,gc15,0.3006899356842041,0.078125,0.11089027673006058,0.262786328792572,0.12896326184272766,0.2041231244802475,0.11018824577331543
50,2,3D,sun4,0.03068949654698372,0.015625,0.013740284368395805,0.02554277889430523,0.01767563261091709,0.021597126498818398,0.004502513445913792
50,2,LOS,sun4,0.05936875194311142,0.001953125,0.012111046351492405,0.05618370696902275,0.01298471074551344,0.053885966539382935,0.007338082883507013
50,2,LOS+Sun,sun4,0.05884626880288124,0.0,0.011843811720609665,0.05569625273346901,0.013801150023937225,0.05373774841427803,0.006700686179101467
50,2,LOS+rho,sun4,0.0574357733130455,0.0,0.011162495240569115,0.05492428317666054,0.016022155061364174,0.05163264274597168,0.006708708591759205
50,2,LOS+Sun+rho,sun4,0.06588847935199738,0.0,0.014379600994288921,0.062472421675920486,0.018417920917272568,0.05832306295633316,0.009124038740992546
50,2,3D,sun15,0.3223591446876526,0.3046875,0.1779186874628067,0.23431576788425446,0.18189017474651337,0.20000852644443512,0.08995897322893143
50,2,LOS,sun15,0.19609157741069794,0.06640625,0.1038089469075203,0.14426499605178833,0.10553229600191116,0.11434859782457352,0.05997960641980171
50,2,LOS+Sun,sun15,0.19809097051620483,0.0859375,0.1118999719619751,0.1410035789012909,0.11654973030090332,0.10621698945760727,0.062221065163612366
50,2,LOS+rho,sun15,0.23685182631015778,0.029296875,0.1369657963514328,0.1679743528366089,0.14936843514442444,0.12485335767269135,0.06768935918807983
50,2,LOS+Sun+rho,sun15,0.23881976306438446,0.029296875,0.13208548724651337,0.17310626804828644,0.13993100821971893,0.13465526700019836,0.07052667438983917
50,2,3D,gc15,0.302997887134552,0.228515625,0.1689371019601822,0.22087310254573822,0.16913923621177673,0.18466219305992126,0.09445856511592865
50,2,LOS,gc15,0.1578097641468048,0.01953125,0.0702008306980133,0.13085752725601196,0.07380285859107971,0.09992802143096924,0.05947495251893997
50,2,LOS+Sun,gc15,0.17030544579029083,0.052734375,0.09138661623001099,0.12951190769672394,0.09728296101093292,0.09315382689237595,0.06005311384797096
50,2,LOS+rho,gc15,0.17578083276748657,0.029296875,0.08916148543357849,0.1375320553779602,0.10112959146499634,0.10116827487945557,0.059959776699543
50,2,LOS+Sun+rho,gc15,0.1839052438735962,0.021484375,0.08988400548696518,0.14566662907600403,0.09987425804138184,0.10993210226297379,0.06364896893501282
100,0,3D,sun4,0.024039052426815033,0.0078125,0.01022513210773468,0.020117610692977905,0.015883753076195717,0.015424148179590702,0.0018916658591479063
100,0,LOS,sun4,0.0653248205780983,0.033203125,0.012868833728134632,0.06167912110686302,0.010129956528544426,0.061458736658096313,0.008181579411029816
100,0,LOS+Sun,sun4,0.06598415970802307,0.0234375,0.011999337933957577,0.06255128234624863,0.009611055254936218,0.06229255720973015,0.007738834246993065
100,0,LOS+rho,sun4,0.050877753645181656,0.0,0.009564876556396484,0.048376888036727905,0.00590460654348135,0.04877052083611488,0.005622184369713068
100,0,LOS+Sun+rho,sun4,0.05468183755874634,0.0,0.009264394640922546,0.05226585268974304,0.006471338681876659,0.05242516100406647,0.005672475788742304
100,0,3D,sun15,0.28839537501335144,0.10546875,0.16598659753799438,0.19556976854801178,0.16264589130878448,0.175758495926857,0.06391903758049011
100,0,LOS,sun15,0.283539354801178,0.171875,0.1676637977361679,0.18928293883800507,0.16289377212524414,0.16276535391807556,0.07489872723817825
100,0,LOS+Sun,sun15,0.30153778195381165,0.173828125,0.17950895428657532,0.2022288739681244,0.1681768298149109,0.16611312329769135,0.09704568982124329
100,0,LOS+rho,sun15,0.32243019342422485,0.060546875,0.19277331233024597,0.21900898218154907,0.1754544973373413,0.167220801115036,0.1144992932677269
100,0,LOS+Sun+rho,sun15,0.308448851108551,0.048828125,0.18321943283081055,0.2098413109779358,0.16869577765464783,0.165673166513443,0.10206091403961182
100,0,3D,gc15,0.20323948562145233,0.0625,0.08419672399759293,0.17097409069538116,0.09012186527252197,0.1409359574317932,0.06817862391471863
100,0,LOS,gc15,0.20764276385307312,0.099609375,0.09559150040149689,0.16946381330490112,0.09477072954177856,0.1323208212852478,0.07990875840187073
100,0,LOS+Sun,gc15,0.22679071128368378,0.109375,0.10370467603206635,0.1864302158355713,0.09849036484956741,0.13795465230941772,0.10318175703287125
100,0,LOS+rho,gc15,0.2300076186656952,0.05078125,0.10740766674280167,0.1875075101852417,0.09379305690526962,0.13660797476768494,0.11086719483137131
100,0,LOS+Sun+rho,gc15,0.2186029702425003,0.05078125,0.10031835734844208,0.17950667440891266,0.08979102969169617,0.13592836260795593,0.09758684039115906
100,1,3D,sun4,0.02338586188852787,0.001953125,0.010839876718819141,0.01909516006708145,0.018584564328193665,0.011870274320244789,0.002079994883388281
100,1,LOS,sun4,0.049725063145160675,0.033203125,0.009835184551775455,0.046582337468862534,0.007420565001666546,0.046280212700366974,0.006167555693536997
100,1,LOS+Sun,sun4,0.04756078124046326,0.021484375,0.010457230731844902,0.0444825142621994,0.006991899572312832,0.044311728328466415,0.006354314275085926
100,1,LOS+rho,sun4,0.04825213924050331,0.0,0.012792631983757019,0.04476889222860336,0.015590598806738853,0.04285713657736778,0.005108330398797989
100,1,LOS+Sun+rho,sun4,0.03545444458723068,0.001953125,0.006324181333184242,0.03359215334057808,0.004993952810764313,0.03324545919895172,0.0038778260350227356
100,1,3D,sun15,0.24313464760780334,0.126953125,0.14536821842193604,0.16607984900474548,0.14984846115112305,0.13132375478744507,0.06647161394357681
100,1,LOS,sun15,0.24148282408714294,0.044921875,0.13009323179721832,0.17261075973510742,0.11786598712205887,0.14322221279144287,0.07793623208999634
100,1,LOS+Sun,sun15,0.2515333890914917,0.044921875,0.1350739300251007,0.18045459687709808,0.11778417229652405,0.14031881093978882,0.09776811301708221
100,1,LOS+rho,sun15,0.20332014560699463,0.033203125,0.1025184914469719,0.15476331114768982,0.12036294490098953,0.11983990669250488,0.0510270930826664
100,1,LOS+Sun+rho,sun15,0.20349088311195374,0.0390625,0.10466994345188141,0.1544855684041977,0.12708662450313568,0.11231100559234619,0.04802735894918442
100,1,3D,gc15,0.17425896227359772,0.08203125,0.07857535034418106,0.14426380395889282,0.08384186774492264,0.10788249969482422,0.07159744203090668
100,1,LOS,gc15,0.20597340166568756,0.03125,0.0821317806839943,0.17542879283428192,0.08152732253074646,0.13533084094524384,0.0856965184211731
100,1,LOS+Sun,gc15,0.21885308623313904,0.03125,0.08935250341892242,0.1857772171497345,0.08433881402015686,0.13357685506343842,0.10678179562091827
100,1,LOS+rho,gc15,0.16125139594078064,0.029296875,0.07105302810668945,0.13253751397132874,0.08717086911201477,0.10351862758398056,0.04533606767654419
100,1,LOS+Sun+rho,gc15,0.16013994812965393,0.0390625,0.07257997989654541,0.12998895347118378,0.08998838067054749,0.10021675378084183,0.042840175330638885
100,2,3D,sun4,0.017628757283091545,0.0,0.006786155514419079,0.01520611997693777,0.007846404798328876,0.014543259516358376,0.0012848370242863894
100,2,LOS,sun4,0.056379277259111404,0.0,0.012471803463995457,0.0526714026927948,0.011684365570545197,0.05249025672674179,0.0064211697317659855
100,2,LOS+Sun,sun4,0.054199591279029846,0.0,0.012351893819868565,0.050751347094774246,0.013137373141944408,0.04952426999807358,0.006615419406443834
100,2,LOS+rho,sun4,0.032669052481651306,0.0,0.006324194371700287,0.030597377568483353,0.0033201633486896753,0.03134879097342491,0.004129249136894941
100,2,LOS+Sun+rho,sun4,0.03437263146042824,0.0,0.006904762703925371,0.0326329842209816,0.006997246295213699,0.03157757222652435,0.005144696682691574
100,2,3D,sun15,0.28831684589385986,0.154296875,0.16459116339683533,0.2057199478149414,0.16903772950172424,0.16193462908267975,0.08184437453746796
100,2,LOS,sun15,0.3097947835922241,0.205078125,0.17594578862190247,0.21908774971961975,0.17898884415626526,0.16362091898918152,0.09441476315259933
100,2,LOS+Sun,sun15,0.3040984869003296,0.19921875,0.177977055311203,0.21062110364437103,0.1827414482831955,0.1562359780073166,0.08966114372015
100,2,LOS+rho,sun15,0.21404555439949036,0.037109375,0.11583898961544037,0.15676118433475494,0.12218007445335388,0.1212412491440773,0.05969182774424553
100,2,LOS+Sun+rho,sun15,0.20952974259853363,0.044921875,0.12220662087202072,0.14701160788536072,0.12978994846343994,0.10910819470882416,0.056704893708229065
100,2,3D,gc15,0.26168203353881836,0.072265625,0.1483105719089508,0.19238758087158203,0.15105795860290527,0.1425950676202774,0.0887896865606308
100,2,LOS,gc15,0.29803451895713806,0.150390625,0.17035076022148132,0.21829535067081451,0.17528873682022095,0.1451498121023178,0.10910462588071823
100,2,LOS+Sun,gc15,0.29584163427352905,0.140625,0.17592379450798035,0.21005438268184662,0.18134354054927826,0.1391860544681549,0.10518891364336014
100,2,LOS+rho,gc15,0.17258737981319427,0.03125,0.07697395980358124,0.14221742749214172,0.08493445068597794,0.10537222772836685,0.060504551976919174
100,2,LOS+Sun+rho,gc15,0.16729608178138733,0.041015625,0.0816032737493515,0.13413870334625244,0.09038614481687546,0.0918150544166565,0.06085817888379097
200,0,3D,sun4,0.022362608462572098,0.025390625,0.009820394217967987,0.018693607300519943,0.014200191013514996,0.014990394935011864,0.0014326523523777723
200,0,LOS,sun4,0.06188962608575821,0.0,0.010643597692251205,0.05921744555234909,0.009966528974473476,0.0587240532040596,0.005174132063984871
200,0,LOS+Sun,sun4,0.060905613005161285,0.0,0.011972357518970966,0.058007314801216125,0.012582593597471714,0.055900827050209045,0.005551832728087902
200,0,LOS+rho,sun4,0.04666740447282791,0.0,0.008235405199229717,0.04473959654569626,0.009860828518867493,0.04295697435736656,0.006651949603110552
200,0,LOS+Sun+rho,sun4,0.04734332859516144,0.0,0.00944505538791418,0.04482148960232735,0.007806694135069847,0.043154276907444,0.007940842770040035
200,0,3D,sun15,0.24778884649276733,0.13671875,0.15082621574401855,0.15998893976211548,0.1422959864139557,0.14854684472084045,0.04416095092892647
200,0,LOS,sun15,0.3034175634384155,0.169921875,0.17832665145397186,0.20507541298866272,0.1810438185930252,0.16127197444438934,0.08739844709634781
200,0,LOS+Sun,sun15,0.3292351961135864,0.1875,0.1871032416820526,0.22764751315116882,0.19932657480239868,0.1748410165309906,0.09317147731781006
200,0,LOS+rho,sun15,0.31683045625686646,0.05859375,0.1913488209247589,0.21295198798179626,0.19763720035552979,0.1529715657234192,0.09598985314369202
200,0,LOS+Sun+rho,sun15,0.30952194333076477,0.05078125,0.1862817406654358,0.2089708298444748,0.19017307460308075,0.1517980396747589,0.09663897007703781
200,0,3D,gc15,0.1626785844564438,0.06640625,0.07348179072141647,0.1306810975074768,0.06936939060688019,0.11502300202846527,0.04803429916501045
200,0,LOS,gc15,0.22115695476531982,0.11328125,0.10350002348423004,0.17711490392684937,0.10894371569156647,0.12692835927009583,0.09275476634502411
200,0,LOS+Sun,gc15,0.24485726654529572,0.140625,0.11003176122903824,0.1995069682598114,0.12410689145326614,0.14071543514728546,0.09796950221061707
200,0,LOS+rho,gc15,0.21720293164253235,0.048828125,0.10706621408462524,0.17119798064231873,0.11666735261678696,0.11682382225990295,0.08988359570503235
200,0,LOS+Sun+rho,gc15,0.21239931881427765,0.044921875,0.10287376493215561,0.16955476999282837,0.11043698340654373,0.11757057905197144,0.09074737131595612
200,1,3D,sun4,0.010028953664004803,0.0,0.003286360763013363,0.008952844887971878,0.003293258836492896,0.008877033367753029,0.0011061399709433317
200,1,LOS,sun4,0.05040813237428665,0.0,0.011169022880494595,0.04754382371902466,0.015417363494634628,0.04460803419351578,0.005442479625344276
200,1,LOS+Sun,sun4,0.0567641481757164,0.0,0.01210552267730236,0.053653933107852936,0.013699961826205254,0.05246543139219284,0.004490006249397993
200,1,LOS+rho,sun4,0.042545609176158905,0.0,0.009693792089819908,0.04022374749183655,0.013965544290840626,0.03727398440241814,0.0037390636280179024
200,1,LOS+Sun+rho,sun4,0.052163369953632355,0.0,0.015389610081911087,0.047938842326402664,0.025353718549013138,0.041494738310575485,0.004979982040822506
200,1,3D,sun15,0.20780614018440247,0.09765625,0.1302180290222168,0.13591845333576202,0.130502849817276,0.1097196415066719,0.05266941711306572
200,1,LOS,sun15,0.24139414727687836,0.04296875,0.13210831582546234,0.1730128824710846,0.121461883187294,0.12523025274276733,0.09339259564876556
200,1,LOS+Sun,sun15,0.24296794831752777,0.033203125,0.1362380087375641,0.17120634019374847,0.1188703179359436,0.12721234560012817,0.09521593898534775
200,1,LOS+rho,sun15,0.23034295439720154,0.03125,0.1269635707139969,0.16547062993049622,0.14036378264427185,0.11349601298570633,0.0779913142323494
200,1,LOS+Sun+rho,sun15,0.25129497051239014,0.03515625,0.13754665851593018,0.18194609880447388,0.16750672459602356,0.11626700311899185,0.0796152800321579
200,1,3D,gc15,0.14111247658729553,0.078125,0.06545073539018631,0.11514347791671753,0.06686580926179886,0.0869835838675499,0.057047039270401
200,1,LOS,gc15,0.18511348962783813,0.02734375,0.07182510942220688,0.16062062978744507,0.06755538284778595,0.1068756952881813,0.10079247504472733
200,1,LOS+Sun,gc15,0.18702954053878784,0.02734375,0.07688875496387482,0.15880611538887024,0.06705044955015182,0.1057998389005661,0.103703573346138
200,1,LOS+rho,gc15,0.1602632701396942,0.01953125,0.06469742953777313,0.13770630955696106,0.07692310214042664,0.08838482201099396,0.07873509079217911
200,1,LOS+Sun+rho,gc15,0.18000933527946472,0.025390625,0.07430712133646011,0.15357628464698792,0.10333321988582611,0.09009728580713272,0.08173498511314392
200,2,3D,sun4,0.016666386276483536,0.009765625,0.006214058957993984,0.014390472322702408,0.006843001581728458,0.0139375114813447,0.0011195627739652991
200,2,LOS,sun4,0.042982716113328934,0.0,0.009722959250211716,0.040326520800590515,0.011078057810664177,0.03837504982948303,0.005342776887118816
200,2,LOS+Sun,sun4,0.038818974047899246,0.0,0.005807946901768446,0.03733382374048233,0.005206388421356678,0.03717423975467682,0.003298442577943206
200,2,LOS+rho,sun4,0.036155980080366135,0.0,0.005586372688412666,0.0346376970410347,0.004646429792046547,0.03479478880763054,0.002739271614700556
200,2,LOS+Sun+rho,sun4,0.03983014449477196,0.0,0.011307070963084698,0.03677498549222946,0.01720293238759041,0.032889217138290405,0.003931022714823484
200,2,3D,sun15,0.2621690332889557,0.146484375,0.16622702777385712,0.17222902178764343,0.15278282761573792,0.15424516797065735,0.07067905366420746
200,2,LOS,sun15,0.23008306324481964,0.11328125,0.13410915434360504,0.15706193447113037,0.12756529450416565,0.1301482915878296,0.06428788602352142
200,2,LOS+Sun,sun15,0.2297755777835846,0.10546875,0.13900788128376007,0.15543057024478912,0.1370660364627838,0.12060603499412537,0.06631583720445633
200,2,LOS+rho,sun15,0.21830998361110687,0.041015625,0.12382550537586212,0.15500497817993164,0.13274332880973816,0.11895594745874405,0.055517565459012985
200,2,LOS+Sun+rho,sun15,0.2112409621477127,0.044921875,0.11978226900100708,0.15061621367931366,0.1300233006477356,0.11318154633045197,0.05489175394177437
200,2,3D,gc15,0.23612049221992493,0.099609375,0.14756566286087036,0.16266988217830658,0.1338863968849182,0.12866359949111938,0.08595804870128632
200,2,LOS,gc15,0.21380379796028137,0.0625,0.12126713991165161,0.15581057965755463,0.1169028952717781,0.11779111623764038,0.07729540020227432
200,2,LOS+Sun,gc15,0.21699745953083038,0.064453125,0.1292358785867691,0.1561092734336853,0.129024475812912,0.10683850198984146,0.08050660043954849
200,2,LOS+rho,gc15,0.16685259342193604,0.03515625,0.0791042372584343,0.13588155806064606,0.08796679973602295,0.09794053435325623,0.05605539306998253
200,2,LOS+Sun+rho,gc15,0.16590717434883118,0.037109375,0.0772363543510437,0.13676275312900543,0.08741306513547897,0.09680229425430298,0.057159289717674255
500,0,3D,sun4,0.025915026664733887,0.001953125,0.0127911027520895,0.020709581673145294,0.021132642403244972,0.013184678740799427,0.0010415255092084408
500,0,LOS,sun4,0.042990975081920624,0.0,0.009713280946016312,0.040276553481817245,0.012155345641076565,0.03932033106684685,0.001713964156806469
500,0,LOS+Sun,sun4,0.04272199422121048,0.0,0.012159004807472229,0.03924209997057915,0.01852540858089924,0.03513709083199501,0.004140426404774189
500,0,LOS+rho,sun4,0.06011375039815903,0.0,0.01816977933049202,0.05470352619886398,0.029340026900172234,0.04803551360964775,0.0041192094795405865
500,0,LOS+Sun+rho,sun4,0.051227279007434845,0.0,0.013544367626309395,0.047432780265808105,0.017562609165906906,0.045157138258218765,0.005458679981529713
500,0,3D,sun15,0.2403576672077179,0.080078125,0.15794453024864197,0.14946939051151276,0.15071454644203186,0.1405089795589447,0.04178180918097496
500,0,LOS,sun15,0.22200819849967957,0.1015625,0.14505553245544434,0.1357315182685852,0.13426819443702698,0.12117168307304382,0.04499483108520508
500,0,LOS+Sun,sun15,0.2244635671377182,0.103515625,0.14869041740894318,0.13610738515853882,0.13938623666763306,0.12210114300251007,0.04300812631845474
500,0,LOS+rho,sun15,0.28401803970336914,0.033203125,0.17539313435554504,0.1883872002363205,0.19838760793209076,0.13552817702293396,0.07106068730354309
500,0,LOS+Sun+rho,sun15,0.2864111065864563,0.03125,0.18541847169399261,0.1830260455608368,0.19050802290439606,0.13450321555137634,0.07919815182685852
500,0,3D,gc15,0.15781055390834808,0.029296875,0.0844801813364029,0.11948364973068237,0.0768653005361557,0.11068553477525711,0.04483150318264961
500,0,LOS,gc15,0.13701826333999634,0.02734375,0.06771498918533325,0.10600702464580536,0.06038527935743332,0.08683851361274719,0.05062001943588257
500,0,LOS+Sun,gc15,0.13966816663742065,0.029296875,0.0723225548863411,0.10541737079620361,0.06586165726184845,0.08803856372833252,0.04872769117355347
500,0,LOS+rho,gc15,0.17649273574352264,0.0234375,0.08443419635295868,0.1431276798248291,0.10653194785118103,0.09688535332679749,0.06692629307508469
500,0,LOS+Sun+rho,gc15,0.17425617575645447,0.03125,0.08962982892990112,0.13609206676483154,0.09558987617492676,0.09375332295894623,0.07452709972858429
500,1,3D,sun4,0.014141482301056385,0.00390625,0.006259607151150703,0.011766479350626469,0.010202324017882347,0.008291566744446754,0.0009614970767870545
500,1,LOS,sun4,0.04106849431991577,0.0,0.009106671437621117,0.038924701511859894,0.01443544402718544,0.035225678235292435,0.003139608772471547
500,1,LOS+Sun,sun4,0.04331880435347557,0.0,0.009862255305051804,0.041144222021102905,0.01662023365497589,0.03657460957765579,0.002965042134746909
500,1,LOS+rho,sun4,0.030940327793359756,0.0,0.006255478598177433,0.02907896786928177,0.0078119998797774315,0.027798915281891823,0.00200329115614295
500,1,LOS+Sun+rho,sun4,0.03425070643424988,0.0,0.009327473118901253,0.03165113180875778,0.015199978835880756,0.027930907905101776,0.0016934340819716454
500,1,3D,sun15,0.2370942085981369,0.130859375,0.13999247550964355,0.16239012777805328,0.13740496337413788,0.14002519845962524,0.05890044942498207
500,1,LOS,sun15,0.18239428102970123,0.025390625,0.11622253060340881,0.11829419434070587,0.11198797076940536,0.08951472491025925,0.05450965091586113
500,1,LOS+Sun,sun15,0.19624954462051392,0.02734375,0.12556783854961395,0.1280607134103775,0.10984767228364944,0.09579402953386307,0.06822419166564941
500,1,LOS+rho,sun15,0.19837699830532074,0.017578125,0.11178959906101227,0.14253664016723633,0.12392421066761017,0.10616576671600342,0.05724458768963814
500,1,LOS+Sun+rho,sun15,0.1934584379196167,0.0234375,0.10900688171386719,0.13975059986114502,0.12492553889751434,0.1028611809015274,0.05276455730199814
500,1,3D,gc15,0.1718708574771881,0.08984375,0.07636629045009613,0.1433473527431488,0.07549594342708588,0.11729038506746292,0.06380924582481384
500,1,LOS,gc15,0.12988364696502686,0.033203125,0.05965104699134827,0.10663312673568726,0.058449096977710724,0.07261283695697784,0.0617830827832222
500,1,LOS+Sun,gc15,0.14196448028087616,0.025390625,0.06392799317836761,0.11825840175151825,0.052453018724918365,0.07763007283210754,0.07720105350017548
500,1,LOS+rho,gc15,0.14083558320999146,0.021484375,0.06059854477643967,0.11888043582439423,0.07189684361219406,0.08670677989721298,0.05507700517773628
500,1,LOS+Sun+rho,gc15,0.1388293206691742,0.021484375,0.06097765639424324,0.11670224368572235,0.07514619082212448,0.08425652980804443,0.05080034211277962
500,2,3D,sun4,0.020556434988975525,0.013671875,0.008543970994651318,0.017255889251828194,0.00958589930087328,0.016407905146479607,0.0013366969069465995
500,2,LOS,sun4,0.039913810789585114,0.0,0.010043625719845295,0.037308529019355774,0.015386328101158142,0.03400224819779396,0.0029799658805131912
500,2,LOS+Sun,sun4,0.03347158059477806,0.0,0.005868364125490189,0.03167581558227539,0.003814727533608675,0.03218255937099457,0.0035123529378324747
500,2,LOS+rho,sun4,0.033798545598983765,0.0,0.007523322477936745,0.031932853162288666,0.01151957269757986,0.030098024755716324,0.0017493886407464743
500,2,LOS+Sun+rho,sun4,0.03372509777545929,0.0,0.009096965193748474,0.03090066835284233,0.012545233592391014,0.02870173752307892,0.0033963376190513372
500,2,3D,sun15,0.2521410584449768,0.16015625,0.15751726925373077,0.16886797547340393,0.16141867637634277,0.13624298572540283,0.069546177983284
500,2,LOS,sun15,0.1859622746706009,0.111328125,0.12753818929195404,0.11224530637264252,0.11877287924289703,0.0897102952003479,0.06012682616710663
500,2,LOS+Sun,sun15,0.19302888214588165,0.107421875,0.13650552928447723,0.11126065254211426,0.12300798296928406,0.0951174646615982,0.060206979513168335
500,2,LOS+rho,sun15,0.233649343252182,0.044921875,0.15514548122882843,0.14507456123828888,0.1535487174987793,0.11957293748855591,0.055455200374126434
500,2,LOS+Sun+rho,sun15,0.23252683877944946,0.044921875,0.15068694949150085,0.1490781009197235,0.1513804793357849,0.11660933494567871,0.05741563439369202
500,2,3D,gc15,0.22457681596279144,0.083984375,0.14150376617908478,0.152349591255188,0.14439606666564941,0.11349527537822723,0.07662352919578552
500,2,LOS,gc15,0.16963553428649902,0.03515625,0.11198844015598297,0.1133318841457367,0.10521144419908524,0.07405421137809753,0.07511735707521439
500,2,LOS+Sun,gc15,0.17755171656608582,0.0390625,0.12317484617233276,0.11078399419784546,0.11173317581415176,0.07828070968389511,0.07564486563205719
500,2,LOS+rho,gc15,0.17349429428577423,0.037109375,0.10433199256658554,0.1215648353099823,0.10242468118667603,0.09489405155181885,0.058090973645448685
500,2,LOS+Sun+rho,gc15,0.16876190900802612,0.041015625,0.09404799342155457,0.12695077061653137,0.09419652074575424,0.09357717633247375,0.05948881059885025
1000,0,3D,sun4,0.01269490085542202,0.0,0.004318663384765387,0.011097692884504795,0.00328293745405972,0.011642996221780777,0.0011914202477782965
1000,0,LOS,sun4,0.04848310723900795,0.0,0.010448619723320007,0.045550789684057236,0.010600387118756771,0.0449015237390995,0.005155906546860933
1000,0,LOS+Sun,sun4,0.04932396486401558,0.0,0.011984587647020817,0.04589226096868515,0.006802897434681654,0.0443955659866333,0.012888875789940357
1000,0,LOS+rho,sun4,0.03692835941910744,0.0,0.0061968108639121056,0.03512527421116829,0.003944665193557739,0.03555566444993019,0.0035038029309362173
1000,0,LOS+Sun+rho,sun4,0.04060622304677963,0.0,0.010906343348324299,0.03684082254767418,0.013043973594903946,0.036585260182619095,0.002872129902243614
1000,0,3D,sun15,0.22693108022212982,0.091796875,0.15450896322727203,0.1354888677597046,0.14387112855911255,0.12738007307052612,0.0432920977473259
1000,0,LOS,sun15,0.2527081370353699,0.1328125,0.16889825463294983,0.15161311626434326,0.14342857897281647,0.137809157371521,0.0699373111128807
1000,0,LOS+Sun,sun15,0.2635479271411896,0.1640625,0.17776678502559662,0.15666885673999786,0.14867597818374634,0.14364056289196014,0.0745742917060852
1000,0,LOS+rho,sun15,0.2970684766769409,0.044921875,0.1880219727754593,0.19262266159057617,0.19186747074127197,0.14065054059028625,0.08829589188098907
1000,0,LOS+Sun+rho,sun15,0.30195367336273193,0.04296875,0.19211897253990173,0.1956404447555542,0.199756920337677,0.14283400774002075,0.0871632918715477
1000,0,3D,gc15,0.14150483906269073,0.06640625,0.07559685409069061,0.10842931270599365,0.06675106287002563,0.09724137932062149,0.04756198450922966
1000,0,LOS,gc15,0.1676931232213974,0.060546875,0.08862651884555817,0.12740661203861237,0.06824053078889847,0.1012115404009819,0.0792360007762909
1000,0,LOS+Sun,gc15,0.17772671580314636,0.083984375,0.09828304499387741,0.1311234086751938,0.07427322864532471,0.10588281601667404,0.08391448855400085
1000,0,LOS+rho,gc15,0.19701504707336426,0.033203125,0.10112384706735611,0.15316689014434814,0.10683009028434753,0.10416349768638611,0.0844583585858345
1000,0,LOS+Sun+rho,gc15,0.20231348276138306,0.029296875,0.10675255209207535,0.15523919463157654,0.11511668562889099,0.10815653204917908,0.08280251175165176
1000,1,3D,sun4,0.017888791859149933,0.0,0.007778337225317955,0.01491047814488411,0.011229385621845722,0.01175752840936184,0.0017101450357586145
1000,1,LOS,sun4,0.036736056208610535,0.0,0.008449922315776348,0.0345894992351532,0.012261712923645973,0.03219221532344818,0.002686326391994953
1000,1,LOS+Sun,sun4,0.03046005219221115,0.0,0.005222801584750414,0.02933063544332981,0.005193610209971666,0.02853238210082054,0.0035091526806354523
1000,1,LOS+rho,sun4,0.03160116448998451,0.0,0.008097434416413307,0.029434707015752792,0.012298274785280228,0.026449378579854965,0.0022723288275301456
1000,1,LOS+Sun+rho,sun4,0.03491953760385513,0.0,0.00923116970807314,0.032601937651634216,0.014958927407860756,0.02807503379881382,0.007391379214823246
1000,1,3D,sun15,0.20770245790481567,0.109375,0.13202621042728424,0.13418440520763397,0.1345045566558838,0.10615618526935577,0.050410788506269455
1000,1,LOS,sun15,0.20747563242912292,0.02734375,0.12506312131881714,0.14076656103134155,0.12042124569416046,0.09406033158302307,0.0782231017947197
1000,1,LOS+Sun,sun15,0.19974569976329803,0.025390625,0.12288447469472885,0.1327197104692459,0.1146850734949112,0.09247157722711563,0.07407015562057495
1000,1,LOS+rho,sun15,0.22131551802158356,0.029296875,0.12097113579511642,0.16117672622203827,0.12683044373989105,0.11102187633514404,0.08422992378473282
1000,1,LOS+Sun+rho,sun15,0.2211199551820755,0.02734375,0.11759142577648163,0.1633882373571396,0.13127118349075317,0.11034011840820312,0.0830957293510437
1000,1,3D,gc15,0.13274899125099182,0.06640625,0.05948891490697861,0.11084456741809845,0.06424427032470703,0.07888925075531006,0.05637678503990173
1000,1,LOS,gc15,0.14930729568004608,0.01953125,0.06201767921447754,0.12766079604625702,0.06308342516422272,0.07649637013673782,0.08386032283306122
1000,1,LOS+Sun,gc15,0.13895480334758759,0.017578125,0.05876586213707924,0.11776738613843918,0.05518084019422531,0.07226529717445374,0.07957948744297028
1000,1,LOS+rho,gc15,0.16597998142242432,0.02734375,0.07009506970643997,0.14056946337223053,0.07655027508735657,0.09330467879772186,0.08263815939426422
1000,1,LOS+Sun+rho,gc15,0.1692832112312317,0.025390625,0.06997193396091461,0.1444576531648636,0.08370471745729446,0.09475979208946228,0.08154412358999252
1000,2,3D,sun4,0.016431789845228195,0.00390625,0.005354329012334347,0.014552576467394829,0.006025898270308971,0.014191902242600918,0.000745102297514677
1000,2,LOS,sun4,0.03950246050953865,0.0,0.006372563075274229,0.03797176480293274,0.004092295654118061,0.03790675848722458,0.004194342531263828
1000,2,LOS+Sun,sun4,0.03871314227581024,0.0,0.007729694247245789,0.03664708882570267,0.007680859416723251,0.03673246502876282,0.00260545895434916
1000,2,LOS+rho,sun4,0.03760669007897377,0.0,0.012785766273736954,0.033551834523677826,0.019339699298143387,0.029477771371603012,0.0024221641942858696
1000,2,LOS+Sun+rho,sun4,0.04543843865394592,0.0,0.018916545435786247,0.03885972499847412,0.031213724985718727,0.0299324169754982,0.0021681070793420076
1000,2,3D,sun15,0.25293660163879395,0.169921875,0.16316619515419006,0.16400577127933502,0.15476863086223602,0.1435249149799347,0.06769685447216034
1000,2,LOS,sun15,0.21626180410385132,0.09765625,0.1464855670928955,0.1314527988433838,0.12315091490745544,0.11641953140497208,0.06794258952140808
1000,2,LOS+Sun,sun15,0.2247239053249359,0.109375,0.15234823524951935,0.13626322150230408,0.12715083360671997,0.1253732293844223,0.06790604442358017
1000,2,LOS+rho,sun15,0.20762690901756287,0.03125,0.1275552213191986,0.13990038633346558,0.13645224273204803,0.10495936870574951,0.048780329525470734
1000,2,LOS+Sun+rho,sun15,0.20806579291820526,0.03125,0.13233822584152222,0.13551096618175507,0.13984175026416779,0.10117460042238235,0.0504012405872345
1000,2,3D,gc15,0.23057633638381958,0.07421875,0.1497625857591629,0.15273116528987885,0.14060574769973755,0.12236481159925461,0.07969935238361359
1000,2,LOS,gc15,0.20062345266342163,0.033203125,0.1341589391231537,0.13014820218086243,0.11082980036735535,0.09609515964984894,0.08793126791715622
1000,2,LOS+Sun,gc15,0.2071886956691742,0.033203125,0.14017972350120544,0.13238291442394257,0.11336641758680344,0.10449928790330887,0.08792196959257126
1000,2,LOS+rho,gc15,0.14596882462501526,0.02734375,0.07207497954368591,0.11570024490356445,0.08132012188434601,0.08026927709579468,0.051208410412073135
1000,2,LOS+Sun+rho,gc15,0.14720389246940613,0.037109375,0.07811026275157928,0.11256813257932663,0.08559713512659073,0.07332640141248703,0.05513802915811539
