arch,n,trial,e_chi_full,e_chi_split,e_val,e_oracle,chi_crossed,rec4_chi_full,rec15_chi_full,rec4_val_split,rec15_val_split,rec4_val_refit,rec15_val_refit,rec4_oracle,rec4_e1500,rec15_e1500,chi_end_full,chi_val_min,sun_noise_frac,sun_meas_err_mmsyr,sun_off_chi_mmsyr,abs_rec4_chi,abs_rec4_oracle,abs_rec4_e_oracle,g_rec4_chi,g_rec4_oracle,g_rec4_e_oracle,abs_rec15_chi,abs_rec15_oracle,abs_rec15_e_oracle,g_rec15_chi,g_rec15_oracle,g_rec15_e_oracle,abs_b0.5_chi,abs_b0.5_oracle,abs_b0.5_e_oracle,g_b0.5_chi,g_b0.5_oracle,g_b0.5_e_oracle,abs_b2_chi,abs_b2_oracle,abs_b2_e_oracle,g_b2_chi,g_b2_oracle,g_b2_e_oracle,abs_b4_chi,abs_b4_oracle,abs_b4_e_oracle,g_b4_chi,g_b4_oracle,g_b4_e_oracle
IV,50,0,97,97,0,107,True,0.14305004,0.22152267,0.12694082,0.15703958,0.12694082,0.15703958,0.122333586,0.62298477,0.4727741,0.3297544,0.0,0.1,0.81955532648361,0.7775021966614782,0.14305004,0.122333586,107,0.12365395,0.11047894,5,0.22152267,0.15684313,2,0.230665,0.16171986,0,0.12959313,0.09996948,584,0.04281531,0.036211375,946,0.12952839,0.11404239,0,0.08279908,0.07937835,102,0.14029431,0.09393535,0,0.12401116,0.10231179,5
IV,50,1,53,53,0,55,True,0.10011096,0.19037952,0.12572472,0.15715459,0.12572472,0.15715459,0.08921172,0.53550196,0.5291872,0.49012122,0.0,0.1,0.42605327180204206,0.48934755428182586,0.10011096,0.08921172,55,0.085913084,0.085700445,52,0.19037952,0.156276,5,0.19331937,0.16194181,0,0.07971996,0.040640116,58,0.038095314,0.035773348,34,0.08519434,0.067508146,55,0.06729836,0.067130536,54,0.118015476,0.081243254,9,0.09210049,0.08576195,52
IV,50,2,126,126,0,0,True,0.15174931,0.2203571,0.12662414,0.15723959,0.12662414,0.15723959,0.12662414,0.41553965,0.3498064,0.3361017,0.0,0.1,0.6232771151294022,0.4851250331195655,0.15174931,0.12662414,0,0.1499925,0.10247623,74,0.2203571,0.15708548,2,0.2235448,0.16148652,1,0.0802966,0.06322185,381,0.041449584,0.03778965,408,0.1025323,0.09541044,442,0.08888872,0.06997753,74,0.16960742,0.09313949,2,0.16034952,0.102399714,5
IV,50,3,0,0,0,20,True,0.1265101,0.15707928,0.1265101,0.15707928,0.1265101,0.15707928,0.10092929,0.40510148,0.41126743,0.481959,0.0,0.1,0.6610098888741941,0.6863696065006294,0.1265101,0.10092929,20,0.11323486,0.104196146,24,0.15707928,0.15612558,4,0.16174272,0.16174272,0,0.11000728,0.07815521,235,0.04039143,0.037548605,14,0.11395093,0.08840879,20,0.0995216,0.0803119,36,0.093894355,0.08166758,19,0.1052691,0.09225548,33
IV,50,4,9,9,0,2,True,0.19125164,0.20035928,0.1255409,0.15691045,0.1255409,0.15691045,0.12479932,0.45770356,0.34377155,0.30864304,0.0,0.1,0.2225581259866604,0.8433119024055604,0.19125164,0.12479932,2,0.14904012,0.11181664,4,0.20035928,0.15646918,2,0.20997965,0.16170825,0,0.13256073,0.035856914,45,0.040367886,0.03624434,73,0.15753023,0.08934793,105,0.0966144,0.07819003,114,0.17526716,0.08987052,3,0.14398286,0.103004076,4
IV,50,5,0,0,0,0,True,0.12685059,0.1573506,0.12685059,0.1573506,0.12685059,0.1573506,0.12685059,0.28304774,0.6307999,0.50189877,0.0,0.1,0.9030609093002846,0.6979096938301351,0.12685059,0.12685059,0,0.11309509,0.10530664,18,0.1573506,0.15710121,3,0.16167036,0.16128781,3,0.11129827,0.079681315,39,0.040358584,0.039890483,8,0.11455862,0.11211035,21,0.09955239,0.084700026,24,0.09454361,0.09454361,0,0.105170995,0.08140881,18
IV,200,0,447,447,0,333,True,0.1443353,0.27323624,0.1268926,0.15702564,0.1268926,0.15702564,0.111903846,0.34739956,0.39373913,0.54801524,0.0,0.1,0.81955532648361,0.8713652991448045,0.1443353,0.111903846,333,0.11746803,0.08964557,343,0.27323624,0.15677863,2,0.2906107,0.16184755,0,0.14267646,0.09410357,60,0.0400575,0.03067022,336,0.1454276,0.08762123,61,0.08139841,0.060481936,371,0.17172195,0.09403083,0,0.14078417,0.10383281,4
IV,200,1,118,118,0,92,True,0.12376239,0.29106838,0.12568708,0.15729181,0.12568708,0.15729181,0.102395736,0.33375803,0.29196826,0.48986375,0.0,0.1,0.42605327180204206,0.3014298482866817,0.12376239,0.102395736,92,0.1141489,0.09003781,60,0.29106838,0.15729181,0,0.29474428,0.16202234,0,0.056059618,0.035520345,72,0.034473225,0.024980474,617,0.07489795,0.0523207,92,0.06496616,0.055965275,92,0.14314462,0.09145756,4,0.12810765,0.08593772,46
IV,200,2,108,108,0,126,True,0.09644819,0.16492003,0.12667489,0.15719664,0.12667489,0.15719664,0.08820266,0.37711886,0.49944344,0.5834726,0.0,0.1,0.6232771151294022,0.5492718091555031,0.09644819,0.08820266,126,0.07835765,0.06741414,87,0.16492003,0.15399934,48,0.1707891,0.16023673,52,0.091965824,0.06916727,351,0.036004096,0.031407546,51,0.08789821,0.06938804,168,0.0490254,0.04754168,89,0.11585009,0.09296651,3,0.09436561,0.06529062,87
IV,200,3,69,69,0,70,True,0.0949862,0.19178092,0.12680578,0.15714057,0.12680578,0.15714057,0.08708993,0.44760078,0.44247216,0.5074782,0.0,0.1,0.6610098888741941,0.3063257892271442,0.0949862,0.08708993,70,0.084288254,0.08039219,74,0.19178092,0.1566568,3,0.18495846,0.16190323,0,0.061491948,0.041693687,70,0.035634324,0.026693566,368,0.07172192,0.061434433,70,0.058624726,0.055489436,147,0.10574446,0.09335306,3,0.09516253,0.08741528,149
IV,200,4,184,184,0,117,True,0.09416769,0.28863335,0.12554172,0.15691045,0.12554172,0.15691045,0.07181137,0.29232022,0.2833051,0.50778437,0.0,0.1,0.2225581259866604,0.21009521636147974,0.09416769,0.07181137,117,0.0851865,0.06449177,144,0.28863335,0.15644358,2,0.28795037,0.16188224,0,0.030638602,0.02821076,69,0.02895427,0.028396064,177,0.06665154,0.050184306,117,0.057394907,0.04883848,61,0.093555585,0.07068644,116,0.08157545,0.062393177,122
IV,200,5,155,155,0,221,True,0.1539616,0.28427315,0.12668905,0.15701392,0.12668905,0.15701392,0.12409723,0.2818828,0.29455218,0.6080936,0.0,0.1,0.9030609093002846,0.7208970466899961,0.1539616,0.12409723,221,0.12707514,0.08977299,217,0.28427315,0.15559816,4,0.28533894,0.16167197,0,0.11194695,0.08162397,221,0.03599906,0.0317418,35,0.11422411,0.090319164,221,0.08000026,0.06571559,226,0.18248406,0.0939426,1,0.1512517,0.10100145,216
IV,500,0,643,643,0,274,True,0.18151207,0.3499493,0.12690488,0.15697539,0.12690488,0.15697539,0.088571005,0.24545899,0.31349716,0.6760811,0.0,0.1,0.81955532648361,0.8575069887007588,0.18151207,0.088571005,274,0.15065406,0.06551113,197,0.3499493,0.15661716,3,0.3555227,0.16180003,0,0.1381445,0.08735319,273,0.034227356,0.022376446,935,0.14092575,0.0903281,273,0.0701229,0.037857104,221,0.20922658,0.09393811,0,0.14823215,0.06086339,191
IV,500,1,491,491,0,68,True,0.12918852,0.26747406,0.12574114,0.15721756,0.12574114,0.15721756,0.08689219,0.26369748,0.29559645,0.64047974,0.0,0.1,0.42605327180204206,0.3060889063070839,0.12918852,0.08689219,68,0.12112674,0.078191385,64,0.26747406,0.15702564,2,0.26608238,0.16195077,0,0.055796757,0.034621846,185,0.033488043,0.031465333,446,0.09064404,0.06048664,199,0.07933751,0.05879519,214,0.19268723,0.09113172,5,0.17478041,0.09916328,106
IV,500,2,34,34,0,189,True,0.30337712,0.20658478,0.12656888,0.15716012,0.12656888,0.15716012,0.1009258,0.37299696,0.46603814,0.6275458,0.0,0.1,0.6232771151294022,2.5241137909944724,0.30337712,0.1009258,189,0.10854256,0.086844414,190,0.20658478,0.15657842,3,0.22844352,0.16158368,0,0.3646958,0.060841043,247,0.033983413,0.025513852,1332,0.35216704,0.08025579,189,0.07585384,0.052012835,185,0.3791899,0.09139565,4,0.12966076,0.10248117,5
IV,500,3,799,799,0,206,True,0.132577,0.22517699,0.12675391,0.15708616,0.12675391,0.15708616,0.09416349,0.27964967,0.28975698,0.68911666,0.0,0.1,0.6610098888741941,0.6672763365552106,0.132577,0.09416349,206,0.102683425,0.06994506,106,0.22517699,0.15616032,4,0.2195915,0.16189912,0,0.11021374,0.07887648,116,0.03361647,0.031190144,768,0.10938656,0.08560032,101,0.063618876,0.050041888,107,0.11412381,0.09225595,206,0.088635415,0.07303479,96
IV,500,4,559,559,0,218,True,0.078930706,0.20115098,0.1256568,0.15693973,0.1256568,0.15693973,0.06418313,0.15988038,0.2630617,0.74757844,0.0,0.1,0.2225581259866604,0.22342315233263696,0.078930706,0.06418313,218,0.07715851,0.06040072,217,0.20115098,0.15657265,2,0.20404269,0.1617762,0,0.027167214,0.02160641,880,0.02820808,0.025608702,771,0.047565017,0.041192792,634,0.049203265,0.043160256,634,0.092887394,0.07566502,298,0.10210652,0.07137455,52
IV,500,5,267,267,0,76,True,0.13156755,0.19801739,0.12698546,0.15711139,0.12698546,0.15711139,0.0844912,0.24721254,0.264253,0.7087736,0.0,0.1,0.9030609093002846,0.9077280674606354,0.13156755,0.0844912,76,0.07744246,0.055193912,93,0.19801739,0.15645288,3,0.18475838,0.16183124,0,0.141524,0.076275446,97,0.037960324,0.031915504,765,0.13577358,0.07195921,97,0.056826007,0.042302866,96,0.179169,0.09411964,0,0.08097456,0.05408621,72
